Name	Set code	Set name	Collector number	Foil	Rarity	Quantity	ManaBox ID	Scryfall ID	Purchase price	Misprint	Altered	Condition	Language	Purchase price currency	Added
Mirror Gallery	BOK	Betrayers of Kamigawa	154	normal	rare	1	28555	00beba34-54cc-4a30-8424-71a1215647a6	8.9	FALSE	FALSE	near_mint	en	USD	2024-03-11T19:12:53.409Z
Gollum, Patient Plotter	LTR	The Lord of the Rings: Tales of Middle-earth	450	foil	uncommon	2	82988	3581ef56-4649-43f4-829c-af28278833a2	0.32	FALSE	FALSE	near_mint	en	USD	2024-03-11T19:12:53.409Z
Frodo, Sauron's Bane	LTR	The Lord of the Rings: Tales of Middle-earth	448	foil	rare	2	82898	1a5a5971-2f93-40f3-b5a2-97b1f0129399	0.2	FALSE	FALSE	near_mint	en	USD	2024-03-11T19:12:53.409Z
Staff of Compleation	ONE	Phyrexia: All Will Be One	242	normal	mythic	1	78866	d2934af5-aa4f-4c88-adbd-dcd847ef43a2	4.47	FALSE	FALSE	near_mint	en	USD	2024-03-11T19:19:54.440Z
The One Ring	LTR	The Lord of the Rings: Tales of Middle-earth	451	foil	mythic	1	82863	126ea71a-9a64-4d1e-a8ca-1efce3b8346f	89.79	FALSE	FALSE	near_mint	en	USD	2024-03-11T19:19:54.440Z
Mirror of Life Trapping	CLB	Commander Legends: Battle for Baldur's Gate	599	normal	rare	1	68929	28d2f8bc-a907-4511-87be-9f8a87b4a1f0	0.3	FALSE	FALSE	near_mint	en	USD	2024-03-11T19:19:54.440Z
Karn, Silver Golem	USG	Urza's Saga	298	normal	rare	1	35670	811a0988-2900-426c-9413-8f1778d99678	13.15	FALSE	FALSE	near_mint	en	USD	2024-03-11T19:19:54.440Z
Karn, the Great Creator	WAR	War of the Spark	1	normal	rare	1	44403	3ec0c0fb-1a4f-45f4-85b7-346a6d3ce2c5	4.42	FALSE	FALSE	near_mint	en	USD	2024-03-11T19:19:54.440Z
Field of the Dead	M20	Core Set 2020	247	normal	rare	1	45213	470ca3f4-29aa-4c4c-8ff2-8cdd70c69943	30.68	FALSE	FALSE	near_mint	en	USD	2024-03-11T19:19:54.440Z
Blasting Station	5DN	Fifth Dawn	107	normal	uncommon	1	29388	71e2f832-6601-4232-b250-fd1c88538fbd	8.7	FALSE	FALSE	near_mint	en	USD	2024-03-11T19:19:54.440Z
Howling Mine	BRR	The Brothers' War Retro Artifacts	20	normal	rare	1	75923	feab8356-58dc-4e01-8c5f-4699e6feef52	5.18	FALSE	FALSE	near_mint	en	USD	2024-03-11T19:19:54.440Z
Vanquisher's Banner	XLN	Ixalan	251	normal	rare	1	3761	60b7a85f-3a30-4ece-9bbb-61f3c4b796b8	4.21	FALSE	FALSE	near_mint	en	USD	2024-03-11T19:19:54.440Z
Unlicensed Hearse	SNC	Streets of New Capenna	246	normal	rare	1	67887	93ee60f7-31dd-4bc6-b71f-57a1a0d19d20	0.44	FALSE	FALSE	near_mint	en	USD	2024-03-11T19:19:54.440Z
Staff of Nin	M13	Magic 2013	217	normal	rare	1	17606	69b7381a-ec4a-4f1b-b81c-bdf9f9d64f31	0.7	FALSE	FALSE	near_mint	en	USD	2024-03-11T19:19:54.440Z
Icon of Ancestry	40K	Warhammer 40,000 Commander	242	normal	rare	1	72389	612250ac-16fc-4d65-be38-25256f9cc164	0.52	FALSE	FALSE	near_mint	en	USD	2024-03-11T19:19:54.440Z
Sundial of the Infinite	PLST	The List	M12-218	foil	rare	1	47427	d77b771d-9c7e-43b1-ac23-849ca882113b	16.84	FALSE	FALSE	near_mint	en	USD	2024-03-11T19:19:54.440Z
Fractured Powerstone	PLST	The List	PC2-111	normal	common	1	54889	257c8d05-3621-47b6-b73e-9f9daba77a19	0.38	FALSE	FALSE	near_mint	en	USD	2024-03-11T19:19:54.440Z
Silent Arbiter	C20	Commander 2020	250	normal	rare	1	50168	986a7ea8-a015-4dd8-9938-36b38ccd3980	12.77	FALSE	FALSE	near_mint	en	USD	2024-03-11T19:19:54.440Z
Aetherworks Marvel	KLD	Kaladesh	193	normal	mythic	1	7450	884f6948-3e03-48c6-8be2-6f2539386c9d	0.5	FALSE	FALSE	near_mint	en	USD	2024-03-11T19:19:54.440Z
Vexing Puzzlebox	CLB	Commander Legends: Battle for Baldur's Gate	343	normal	mythic	1	69280	c477fb1a-5aac-4722-80d8-7570a8b09e44	9.51	FALSE	FALSE	near_mint	en	USD	2024-03-11T19:22:45.004Z
The Celestus	MID	Innistrad: Midnight Hunt	252	normal	rare	1	63206	39226a07-d44e-41a6-b9f1-685ef505d015	0.54	FALSE	FALSE	near_mint	en	USD	2024-03-11T19:22:45.004Z
Karn's Sylex	DMU	Dominaria United	234	normal	mythic	1	71504	673a8676-0a93-4ca3-a786-63f138027e8a	0.93	FALSE	FALSE	near_mint	en	USD	2024-03-11T19:22:45.004Z
Strionic Resonator	C19	Commander 2019	224	normal	rare	1	45710	88326f60-1c86-4aca-8e6a-b1882a048635	7.02	FALSE	FALSE	near_mint	en	USD	2024-03-11T19:22:45.004Z
Cloudstone Curio	LTC	Tales of Middle-earth Commander	349	foil	mythic	1	83355	a1f3fc27-b3ea-476c-be23-f1c30ef27f96	10.99	FALSE	FALSE	near_mint	en	USD	2024-03-11T19:22:45.004Z
Scion of Draco	PLST	The List	MH2-234	normal	mythic	1	72040	d9987663-23be-407b-b09b-054677137cd4	5.04	FALSE	FALSE	near_mint	en	USD	2024-03-11T19:22:45.004Z
Door to Nothingness	HOP	Planechase	112	normal	rare	1	22922	151e0e5d-656e-4bec-8110-f31a3bb5f014	0.47	FALSE	FALSE	near_mint	en	USD	2024-03-11T19:22:45.004Z
Pithing Needle	MID	Innistrad: Midnight Hunt	257	normal	rare	1	63247	556ec6ab-a19f-4caa-8bfa-145555402caf	0.5	FALSE	FALSE	near_mint	en	USD	2024-03-11T19:22:45.004Z
Planar Bridge	2X2	Double Masters 2022	313	normal	rare	1	70137	30879758-841c-46a9-a0b6-179ac163f0ac	2.18	FALSE	FALSE	near_mint	en	USD	2024-03-11T19:22:45.004Z
Sword of Feast and Famine	PLST	The List	2XM-296	normal	mythic	2	78307	0ca8ac5a-a2f7-428d-9313-12ce9e9c340d	36.05	FALSE	FALSE	near_mint	en	USD	2024-03-11T19:22:45.004Z
Pithing Needle	2X2	Double Masters 2022	312	normal	rare	1	70324	776899f8-e977-42b7-8b54-6f726a349e3c	0.5	FALSE	FALSE	near_mint	en	USD	2024-03-11T19:26:12.182Z
Illusionist's Bracers	RVR	Ravnica Remastered	260	normal	rare	1	89822	9dd8d940-a973-4469-bf78-90318d98f3ab	4.4	FALSE	FALSE	near_mint	en	USD	2024-03-11T19:26:12.182Z
Culling Dais	SOM	Scars of Mirrodin	148	normal	uncommon	1	20884	ba7665c7-c211-45d7-bde1-f7952548025f	0.15	FALSE	FALSE	near_mint	en	USD	2024-03-11T19:26:12.182Z
Heartstone	STH	Stronghold	134	normal	uncommon	1	36511	0ed17325-6d2f-404e-b13f-d2d419d522b7	1.71	FALSE	FALSE	near_mint	en	USD	2024-03-11T19:26:12.182Z
Panharmonicon	KLD	Kaladesh	226	normal	rare	1	7417	15856326-d943-476a-9d31-898b9f990bb6	6.67	FALSE	FALSE	near_mint	en	USD	2024-03-11T19:26:12.182Z
Bottled Cloister	RVR	Ravnica Remastered	389	normal	rare	1	89977	f09d0d40-1678-4296-b3a4-8cb6e6ce1831	0.19	FALSE	FALSE	near_mint	en	USD	2024-03-11T19:26:12.182Z
The Mana Rig	DMC	Dominaria United Commander	28	normal	mythic	1	71746	c0a6edbf-eabe-44d3-b098-562f3758c005	0.68	FALSE	FALSE	near_mint	en	USD	2024-03-11T19:26:12.182Z
The Deck of Many Things	AFR	Adventures in the Forgotten Realms	241	normal	mythic	1	60524	feddbdc6-0757-43cb-bb41-dc83c6cf42ea	5.34	FALSE	FALSE	near_mint	en	USD	2024-03-11T19:26:12.182Z
The Wandering Emperor	NEO	Kamigawa: Neon Dynasty	42	normal	mythic	1	66482	fab2d8a9-ab4c-4225-a570-22636293c17d	4.39	FALSE	FALSE	near_mint	en	USD	2024-03-11T19:26:12.182Z
Conjurer's Mantle	MOC	March of the Machine Commander	12	normal	rare	1	81356	51ddebe2-aad6-4097-ac02-fa6c99f30de7	1.72	FALSE	FALSE	near_mint	en	USD	2024-03-11T19:26:12.182Z
Sun Titan	ZNC	Zendikar Rising Commander	21	normal	mythic	1	55497	ef3e7352-5768-4d4e-befb-560b9d10a178	0.25	FALSE	FALSE	near_mint	en	USD	2024-03-11T19:26:12.182Z
Parhelion II	NEC	Neon Dynasty Commander	87	normal	rare	1	67032	871279e6-9a59-470e-8acc-fd5fe4fda5b3	0.52	FALSE	FALSE	near_mint	en	USD	2024-03-11T19:32:30.047Z
Eerie Interlude	DDQ	Duel Decks: Blessed vs. Cursed	8	normal	rare	1	9175	aa8e63c6-6bbc-405d-84c0-6958931ad310	6.54	FALSE	FALSE	near_mint	en	USD	2024-03-11T19:32:30.047Z
Lae'zel, Vlaakith's Champion	CLB	Commander Legends: Battle for Baldur's Gate	378	foil	rare	1	68993	44927f22-0017-4c19-bd0a-41f09c0ce19f	2.5	FALSE	FALSE	near_mint	en	USD	2024-03-11T19:32:30.047Z
Halo Fountain	SNC	Streets of New Capenna	15	normal	mythic	1	67610	0ee79399-715c-4c46-9fa1-e76b1087f009	7.18	FALSE	FALSE	near_mint	en	USD	2024-03-11T19:32:30.047Z
Seasoned Dungeoneer	CLB	Commander Legends: Battle for Baldur's Gate	660	normal	rare	1	69573	7fee3f76-20a8-4621-84fb-ddf79c955532	6.74	FALSE	FALSE	near_mint	en	USD	2024-03-11T19:32:30.047Z
Forge Anew	LTR	The Lord of the Rings: Tales of Middle-earth	17	foil	rare	1	83088	56274b88-6e3f-4538-bb0c-eb5e52a58ef3	5.04	FALSE	FALSE	near_mint	en	USD	2024-03-11T19:32:30.047Z
Skyclave Apparition	ZNR	Zendikar Rising	39	normal	rare	1	54716	b83cfbaa-7890-4f6f-878b-4edb45677371	0.43	FALSE	FALSE	near_mint	en	USD	2024-03-11T19:32:30.047Z
Oswald Fiddlebender	AFR	Adventures in the Forgotten Realms	28	normal	rare	2	60407	bba1650f-eddf-49a9-820e-489cb8d5b6fa	2.54	FALSE	FALSE	near_mint	en	USD	2024-03-11T19:32:30.047Z
Ondu Inversion // Ondu Skyruins	ZNR	Zendikar Rising	30	foil	rare	1	54714	b6e6be8c-41c3-4348-a8dd-b40ceb24e9b4	1.41	FALSE	FALSE	near_mint	en	USD	2024-03-11T19:32:30.047Z
Nadaar, Selfless Paladin	AFR	Adventures in the Forgotten Realms	27	foil	rare	1	60315	878a0d8c-11c1-4c65-9051-78e036ac496f	0.5	FALSE	FALSE	near_mint	en	USD	2024-03-11T19:32:30.047Z
Drumbellower	NEC	Neon Dynasty Commander	6	normal	rare	1	66942	718c7383-d2e0-449b-b5b5-378d7c6e1fcb	11.63	FALSE	FALSE	near_mint	en	USD	2024-03-11T19:32:30.047Z
Ranger of Eos	PLST	The List	ALA-21	normal	rare	1	69955	fe55423f-4ae7-4189-a538-82c93c1560b9	0.75	FALSE	FALSE	near_mint	en	USD	2024-03-11T19:32:30.047Z
Elite Spellbinder	STX	Strixhaven: School of Mages	17	normal	rare	1	58241	9d3a7998-ccac-45ad-a4e9-3a2cb057f63b	0.24	FALSE	FALSE	near_mint	ja	USD	2024-03-11T19:32:30.047Z
Skrelv, Defector Mite	ONE	Phyrexia: All Will Be One	301	foil	rare	1	78510	3c4862ed-7be8-4fd0-9150-a20e56d1e858	4.2	FALSE	FALSE	near_mint	en	USD	2024-03-11T19:32:30.047Z
Leyline Binding	DMU	Dominaria United	24	normal	rare	1	71387	3c3ac3dd-35db-447f-8674-37b4680a1ef7	0.5	FALSE	FALSE	near_mint	en	USD	2024-03-11T19:32:30.047Z
Stoneforge Mystic	WWK	Worldwake	20	normal	rare	1	22171	19557351-b65f-4b04-b971-66abdc07000a	26.4	FALSE	FALSE	near_mint	en	USD	2024-03-11T19:32:30.047Z
White Plume Adventurer	CLB	Commander Legends: Battle for Baldur's Gate	558	normal	rare	1	69250	b944490b-4366-46d1-b499-9c3f66c9ba35	4.43	FALSE	FALSE	near_mint	en	USD	2024-03-11T19:32:30.047Z
White Plume Adventurer	CLB	Commander Legends: Battle for Baldur's Gate	49	normal	rare	2	69233	b256ddc8-8b12-434c-a610-1a872e948f2f	3.7	FALSE	FALSE	near_mint	en	USD	2024-03-11T19:32:30.047Z
Gideon Jura	M12	Magic 2012	16	normal	mythic	1	19251	1c58b63c-e3e5-4575-849c-9a6a00821286	0.5	FALSE	FALSE	near_mint	en	USD	2024-03-11T19:32:30.047Z
Elesh Norn // The Argent Etchings	MOM	March of the Machine	292	normal	mythic	1	81285	faf66a0b-9d34-487d-bdb4-5cac9391d77a	7.38	FALSE	FALSE	near_mint	en	USD	2024-03-11T19:32:30.047Z
Giada, Font of Hope	SNC	Streets of New Capenna	14	normal	rare	1	67973	bae077bd-fc8d-44d7-8c75-8dc8699c168e	0.5	FALSE	FALSE	near_mint	en	USD	2024-03-11T19:32:30.047Z
Temporary Lockdown	DMU	Dominaria United	36	normal	rare	1	71574	82b3088f-7b49-45e9-b447-129a597ceb75	0.3	FALSE	FALSE	near_mint	en	USD	2024-03-11T19:32:30.047Z
Leonin Shikari	C17	Commander 2017	66	normal	rare	1	4389	47db94ce-e9f3-4bc3-b05f-17fde1d91329	4.88	FALSE	FALSE	near_mint	en	USD	2024-03-11T19:32:30.047Z
Master of Ceremonies	NCC	New Capenna Commander	18	normal	rare	1	68413	d152cfa8-00b7-4aa0-855e-bbd57a5f4b23	15.99	FALSE	FALSE	near_mint	en	USD	2024-03-11T19:32:30.047Z
Hallowed Haunting	VOW	Innistrad: Crimson Vow	17	foil	mythic	1	64248	674c0a50-9c37-4c29-84d8-eb3e34f34d37	9.98	FALSE	FALSE	near_mint	en	USD	2024-03-11T19:32:30.047Z
Elesh Norn, Mother of Machines	ONE	Phyrexia: All Will Be One	10	normal	mythic	1	78223	44dcab01-1d13-4dfc-ae2f-fbaa3dd35087	25.23	FALSE	FALSE	near_mint	en	USD	2024-03-11T19:32:30.047Z
Tekuthal, Inquiry Dominus	ONE	Phyrexia: All Will Be One	302	normal	mythic	1	78458	29c17f88-440b-443a-bca7-6f4e8587cffb	6.9	FALSE	FALSE	near_mint	en	USD	2024-03-11T19:36:15.187Z
Bruvac the Grandiloquent	RVR	Ravnica Remastered	309	normal	mythic	1	89973	ee38f0a0-efc2-4939-8e66-79c82d23ae7e	37.6	FALSE	FALSE	near_mint	en	USD	2024-03-11T19:36:15.187Z
Alandra, Sky Dreamer	J22	Jumpstart 2022	9	normal	rare	1	76360	61561585-f4fb-4e47-a65a-0c43a855ebcf	5.54	FALSE	FALSE	near_mint	en	USD	2024-03-11T19:36:15.187Z
Tidespout Tyrant	RVR	Ravnica Remastered	422	normal	rare	1	89674	4e157fac-9af1-42e7-83bc-6304c7f90fa4	1.29	FALSE	FALSE	near_mint	en	USD	2024-03-11T19:36:15.187Z
Personal Tutor	CMM	Commander Masters	633	normal	rare	1	84170	294c1fd2-ddb9-4454-ae24-de8e69437ad1	5.99	FALSE	FALSE	near_mint	en	USD	2024-03-11T19:36:15.187Z
Retreat to Coralhelm	BFZ	Battle for Zendikar	82	normal	uncommon	1	10269	68684c8e-dc19-4a56-b511-4e21140b137f	0.5	FALSE	FALSE	near_mint	en	USD	2024-03-11T19:36:15.187Z
Displacer Kitten	CLB	Commander Legends: Battle for Baldur's Gate	560	normal	rare	1	69180	9a53e8fc-bfd2-4866-a61c-f3204b0a98bf	40	FALSE	FALSE	near_mint	en	USD	2024-03-11T19:36:15.187Z
Mocking Doppelganger	CLB	Commander Legends: Battle for Baldur's Gate	617	normal	rare	1	69749	0cb48ed1-6386-4f3f-8413-671b59eb7b96	4.47	FALSE	FALSE	near_mint	en	USD	2024-03-11T19:36:15.187Z
Slip Out the Back	SNC	Streets of New Capenna	62	foil	uncommon	1	67863	8725f4c4-fad7-460e-b86c-ff81674f0980	5.04	FALSE	FALSE	near_mint	en	USD	2024-03-11T19:36:15.187Z
Emperor Mihail II	DMC	Dominaria United Commander	23	normal	rare	1	71532	715284eb-8384-4ad8-910c-8378e954a2b1	0.49	FALSE	FALSE	near_mint	en	USD	2024-03-11T19:36:15.187Z
Rhystic Study	J22	Jumpstart 2022	114	normal	rare	1	76580	9f37c5b6-a59c-45cd-9a99-e9357fe9ea1b	57.59	FALSE	FALSE	near_mint	en	USD	2024-03-11T19:36:15.187Z
Emry, Lurker of the Loch	BRC	The Brothers' War Commander	81	normal	rare	1	75699	aa6592b0-c809-4711-bb39-4c9a9e55657e	2.18	FALSE	FALSE	near_mint	en	USD	2024-03-11T19:36:15.187Z
Shadow Rift	TMP	Tempest	86	normal	common	1	36913	57c11175-9feb-4801-9b46-d577d5ecef40	2.08	FALSE	FALSE	near_mint	en	USD	2024-03-11T19:36:15.187Z
Mind's Desire	STA	Strixhaven Mystical Archive	17	foil	mythic	1	58229	95f4e609-7fb7-4903-8d4c-45d38cf743be	3.23	FALSE	FALSE	near_mint	en	USD	2024-03-11T19:36:15.187Z
Cavalier of Gales	M20	Core Set 2020	52	foil	mythic	1	45409	a5356b11-e505-4838-aecb-327689eeead1	2.59	FALSE	FALSE	near_mint	en	USD	2024-03-11T19:36:15.187Z
Vodalian Hexcatcher	DMU	Dominaria United	75	normal	rare	2	71432	4ec464dc-b1dd-4e45-b093-c3ad65a74050	3.9	FALSE	FALSE	near_mint	en	USD	2024-03-11T19:36:15.187Z
Fractured Sanity	MH2	Modern Horizons 2	44	foil	rare	1	59514	413ac8fb-5156-4f90-81f5-1879e273c9e2	3.48	FALSE	FALSE	near_mint	en	USD	2024-03-11T19:36:15.187Z
Rimefeather Owl	CSP	Coldsnap	42	normal	rare	1	27199	7e8e3552-a251-4a80-b0bb-a96a9f8a4c56	1.69	FALSE	FALSE	near_mint	en	USD	2024-03-11T19:36:15.187Z
Sidisi, Undead Vizier	PLST	The List	DTK-120	normal	rare	1	63845	863d238b-703c-43fa-b17f-0872f6bf75fe	8.99	FALSE	FALSE	near_mint	en	USD	2024-03-11T19:41:50.796Z
Ravenloft Adventurer	PCLB	Battle for Baldur's Gate Promos	142s	foil	rare	1	69803	47a6569e-ab96-4c84-8985-57769be3cc35	2.49	FALSE	FALSE	near_mint	en	USD	2024-03-11T19:41:50.796Z
Ravenloft Adventurer	CLB	Commander Legends: Battle for Baldur's Gate	577	normal	rare	1	68827	057dedd1-6632-4d87-a5bb-8c66c7492857	0.58	FALSE	FALSE	near_mint	en	USD	2024-03-11T19:41:50.796Z
Bone Miser	C19	Commander 2019	15	normal	rare	1	45919	a7fa6901-e74f-448c-9d26-99a692092512	19.85	FALSE	FALSE	near_mint	en	USD	2024-03-11T19:41:50.796Z
Professor Onyx	PSTX	Strixhaven: School of Mages Promos	83s	foil	mythic	1	59129	5698176c-571d-4952-85d6-fbd1b15f2aaa	12.69	FALSE	FALSE	near_mint	ja	USD	2024-03-11T19:41:50.796Z
Agadeem's Awakening // Agadeem, the Undercrypt	ZNR	Zendikar Rising	90	normal	mythic	1	54586	67f4c93b-080c-4196-b095-6a120a221988	27.98	FALSE	FALSE	near_mint	en	USD	2024-03-11T19:41:50.796Z
Exsanguinate	CMM	Commander Masters	638	normal	uncommon	3	84266	3d9bb677-6b9a-4ccf-accc-b1a91be85b70	3.77	FALSE	FALSE	near_mint	en	USD	2024-03-11T19:41:50.796Z
Arvinox, the Mind Flail	SLX	Universes Within	1	normal	mythic	1	67451	c83542de-38ca-4aad-acba-189374be37e2	0.5	FALSE	FALSE	near_mint	en	USD	2024-03-11T19:41:50.796Z
Pact Weapon	CLB	Commander Legends: Battle for Baldur's Gate	576	normal	mythic	1	69213	abdfbc37-f259-42c0-a8cd-c772a0343257	4.47	FALSE	FALSE	near_mint	en	USD	2024-03-11T19:41:50.796Z
Ashiok, Wicked Manipulator	WOE	Wilds of Eldraine	297	normal	mythic	1	85770	dd6f57de-21af-4c25-8a21-df3a75157939	0.5	FALSE	FALSE	near_mint	en	USD	2024-03-11T19:41:50.796Z
Fain, the Broker	C21	Commander 2021	40	normal	rare	1	58527	26acb9db-1a2f-4b08-b121-88f953e597e5	2.22	FALSE	FALSE	near_mint	en	USD	2024-03-11T19:41:50.796Z
Bridge from Below	SPG	Special Guests	3	normal	rare	1	88537	5feaed81-008e-4ec1-852d-907c0897dff6	1.1	FALSE	FALSE	near_mint	en	USD	2024-03-11T19:41:50.796Z
Acererak the Archlich	AFR	Adventures in the Forgotten Realms	87	normal	mythic	1	60466	dd52d0bd-3abd-401c-9f56-ee911613da3b	4.47	FALSE	FALSE	near_mint	en	USD	2024-03-11T19:41:50.796Z
Vampiric Rites	WOT	Wilds of Eldraine: Enchanting Tales	37	foil	uncommon	1	85466	6854dc06-4845-4201-958b-2fdad3f7b64a	0.35	FALSE	FALSE	near_mint	en	USD	2024-03-11T19:41:50.796Z
Grave Pact	9ED	Ninth Edition	135	normal	rare	1	28228	291af6dc-9f71-4e8e-9ecc-24fa90aacb23	21.69	FALSE	FALSE	near_mint	en	USD	2024-03-11T19:41:50.796Z
Whip of Erebos	THS	Theros	110	normal	rare	1	15554	9e5ec47c-47a2-4eda-b81a-4a07f04e5989	7.34	FALSE	FALSE	near_mint	en	USD	2024-03-11T19:41:50.796Z
Wand of Orcus	AFC	Forgotten Realms Commander	28	normal	rare	1	60540	510af4b7-289a-4de7-9a22-00fe1e8aaabf	14.04	FALSE	FALSE	near_mint	en	USD	2024-03-11T19:41:50.796Z
Asmodeus the Archfiend	AFR	Adventures in the Forgotten Realms	88	normal	rare	2	60361	a5e6b864-58e7-43b9-9d79-1d0361340960	0.31	FALSE	FALSE	near_mint	en	USD	2024-03-11T19:41:50.796Z
Grief	MH2	Modern Horizons 2	311	foil	mythic	1	59861	ea859431-c1bf-4d07-9845-430bc217cb91	6.09	FALSE	FALSE	near_mint	en	USD	2024-03-11T19:41:50.796Z
Infernal Tutor	RVR	Ravnica Remastered	326	normal	rare	1	89854	ae3c5062-86cb-44b7-b718-933807eaf121	0.29	FALSE	FALSE	near_mint	en	USD	2024-03-11T19:41:50.796Z
Unmarked Grave	MH2	Modern Horizons 2	106	normal	rare	1	59535	492b368b-de32-45c1-8459-238aae54f9fc	3.16	FALSE	FALSE	near_mint	en	USD	2024-03-11T19:41:50.796Z
Contamination	PLST	The List	USG-123	normal	rare	1	72010	720dc055-1b64-420d-acee-e07d26298131	11.28	FALSE	FALSE	near_mint	en	USD	2024-03-11T19:41:50.796Z
Entomb	UMA	Ultimate Masters	94	normal	rare	1	43215	d66f864b-b1bb-4596-93b8-3b4bfe6b1332	15.38	FALSE	FALSE	near_mint	en	USD	2024-03-11T19:41:50.796Z
Priest of Forgotten Gods	RVR	Ravnica Remastered	90	normal	rare	1	89867	b8ccb220-0f7c-4275-b1bf-fe8e28410e42	2.6	FALSE	FALSE	near_mint	en	USD	2024-03-11T19:41:50.796Z
Deadly Dispute	CLB	Commander Legends: Battle for Baldur's Gate	124	foil	common	1	69376	f5172be3-4379-43fc-98bd-e77c579dea55	0.42	FALSE	FALSE	near_mint	en	USD	2024-03-11T19:41:50.796Z
Haunted One	CLB	Commander Legends: Battle for Baldur's Gate	624	normal	mythic	2	69752	0eb9b67c-b0e4-4c62-8332-74a53b67f3bb	7.73	FALSE	FALSE	near_mint	en	USD	2024-03-11T19:41:50.796Z
Angel of Suffering	SNC	Streets of New Capenna	67	normal	mythic	2	68013	cd4aee25-496d-453e-95b7-d773fe21cacc	3.91	FALSE	FALSE	near_mint	en	USD	2024-03-11T19:41:50.796Z
Chandra, Dressed to Kill	VOW	Innistrad: Crimson Vow	279	foil	mythic	1	64263	7129a358-4628-4426-ae3b-e3d9288a6355	7.7	FALSE	FALSE	near_mint	en	USD	2024-03-11T19:53:29.024Z
Karlach, Fury of Avernus	CLB	Commander Legends: Battle for Baldur's Gate	400	normal	mythic	1	69195	a3b123fa-c232-4bb4-ba9d-2cde4a0eef99	20.83	FALSE	FALSE	near_mint	en	USD	2024-03-11T19:53:29.024Z
Zariel, Archduke of Avernus	AFR	Adventures in the Forgotten Realms	172	normal	mythic	1	60304	7be5b866-d479-4698-98b2-87a973f6b8f6	2.41	FALSE	FALSE	near_mint	en	USD	2024-03-11T19:53:29.024Z
Sneak Attack	DMR	Dominaria Remastered	139	normal	mythic	1	78063	a45b4ca9-4355-4690-84c3-a7d44c367dbf	11.13	FALSE	FALSE	near_mint	en	USD	2024-03-11T19:53:29.024Z
Conquering Manticore	ROE	Rise of the Eldrazi	139	normal	rare	1	21828	bf1dc898-bf60-406f-922a-aa50cbffe5b0	0.3	FALSE	FALSE	near_mint	en	USD	2024-03-11T19:53:29.024Z
Reforge the Soul	PLST	The List	AVR-151	normal	rare	1	83934	9046cf57-b702-4410-888b-f948e8fea5ad	4.98	FALSE	FALSE	near_mint	en	USD	2024-03-11T19:53:29.024Z
Orb of Dragonkind	AFR	Adventures in the Forgotten Realms	157	normal	rare	1	60344	9a1c2cdd-353c-4747-bf0e-b995dd37ffca	1.39	FALSE	FALSE	near_mint	en	USD	2024-03-11T19:53:29.024Z
Manabarbs	M12	Magic 2012	150	normal	rare	1	19117	adf081d5-e644-4f46-8bc8-a754b089acb4	4.14	FALSE	FALSE	near_mint	en	USD	2024-03-11T19:53:29.024Z
Wrathful Red Dragon	CLB	Commander Legends: Battle for Baldur's Gate	207	normal	rare	1	69215	acd207de-eec3-4d82-b8b9-b1e60a7bad12	5.54	FALSE	FALSE	near_mint	en	USD	2024-03-11T19:53:29.024Z
Krenko, Mob Boss	RVR	Ravnica Remastered	430	normal	rare	1	89762	8056ff64-1bd3-46ae-a0aa-c22305c2b654	5.49	FALSE	FALSE	near_mint	en	USD	2024-03-11T19:53:29.024Z
Flamerush Rider	C19	Commander 2019	143	normal	rare	1	45791	c074adc3-50f1-4443-ae9b-47f8d9fdf3a2	0.19	FALSE	FALSE	near_mint	en	USD	2024-03-11T19:53:29.024Z
Brash Taunter	M21	Core Set 2021	133	foil	rare	1	51056	ebb5e613-a803-42f3-840a-7089ac6b7e3d	1.82	FALSE	FALSE	near_mint	en	USD	2024-03-11T19:53:29.024Z
Industrial Advancement	NCC	New Capenna Commander	47	normal	rare	1	68292	81f1416c-48bd-4168-aacd-a9b0a3afb8bc	5.35	FALSE	FALSE	near_mint	en	USD	2024-03-11T19:53:29.024Z
Nalfeshnee	CLB	Commander Legends: Battle for Baldur's Gate	632	normal	rare	1	69813	58e3b25f-beb1-4688-8b14-be597b9aee81	8.9	FALSE	FALSE	near_mint	en	USD	2024-03-11T19:53:29.024Z
There and Back Again	LTR	The Lord of the Rings: Tales of Middle-earth	151	normal	rare	1	83303	939b0bd0-24ea-45de-a2d3-37bbf6a3e6f9	4.13	FALSE	FALSE	near_mint	en	USD	2024-03-11T19:53:29.024Z
Capricious Hellraiser	ONE	Phyrexia: All Will Be One	310	normal	mythic	1	78703	93fcddc7-126a-4e2c-898d-dcf488618cf0	0.5	FALSE	FALSE	near_mint	en	USD	2024-03-11T19:53:29.024Z
Daretti, Scrap Savant	C21	Commander 2021	164	normal	mythic	1	58744	fa393eeb-bccc-453c-b783-6b0ff445c3a6	1.02	FALSE	FALSE	near_mint	en	USD	2024-03-11T19:53:29.024Z
Rundvelt Hordemaster	DMU	Dominaria United	142	foil	rare	1	71888	ffee9dbe-af90-4e19-844d-4df1180f24c4	2.47	FALSE	FALSE	near_mint	en	USD	2024-03-11T19:53:29.024Z
Maddening Hex	AFC	Forgotten Realms Commander	32	normal	rare	1	60589	c8dd3a8d-5434-4405-8d17-e419a20f074a	5	FALSE	FALSE	near_mint	en	USD	2024-03-11T19:53:29.024Z
Harmonic Prodigy	MH2	Modern Horizons 2	132	normal	rare	1	59445	22579ac0-ad3f-4000-a65a-46a17a7f1aa5	3.42	FALSE	FALSE	near_mint	en	USD	2024-03-11T19:53:29.024Z
Defiler of Instinct	DMU	Dominaria United	119	normal	rare	1	71255	0e76e0cc-caff-4b15-b550-39e2324c8c95	0.5	FALSE	FALSE	near_mint	en	USD	2024-03-11T19:53:29.024Z
Ohran Frostfang	CMM	Commander Masters	650	normal	rare	1	84002	05b5e975-bd75-4f7c-829d-e87f8b24bc2f	12.02	FALSE	FALSE	near_mint	en	USD	2024-03-11T19:53:29.024Z
Virtue of Strength // Garenbrig Growth	WOE	Wilds of Eldraine	197	normal	mythic	1	85869	ff857d41-767d-4e99-83cc-444738341b92	3.9	FALSE	FALSE	near_mint	en	USD	2024-03-11T19:53:29.024Z
Parallel Lives	ISD	Innistrad	199	normal	rare	1	18699	01033dae-fec1-41f2-b7f2-cc6a43331790	31	FALSE	FALSE	near_mint	en	USD	2024-03-11T19:53:29.024Z
Traverse the Outlands	CLB	Commander Legends: Battle for Baldur's Gate	593	foil	rare	1	69252	ba004fc5-c144-41fa-abc1-531a977378a8	6.3	FALSE	FALSE	near_mint	en	USD	2024-03-11T19:53:29.024Z
Vivien Reid	M19	Core Set 2019	208	normal	mythic	1	1104	681fbd66-b622-4f20-a860-f101aff21109	0.5	FALSE	FALSE	near_mint	en	USD	2024-03-11T19:53:29.024Z
Delighted Halfling	LTR	The Lord of the Rings: Tales of Middle-earth	158	normal	rare	1	83185	71384418-173a-4f77-adab-56e52fa23692	24.75	FALSE	FALSE	near_mint	en	USD	2024-03-11T19:53:29.024Z
Nissa, Ascended Animist	ONE	Phyrexia: All Will Be One	327	normal	mythic	1	78693	8e4a0ced-c1c9-4a35-b1ce-476506afc030	2.11	FALSE	FALSE	near_mint	en	USD	2024-03-11T19:53:29.024Z
Endurance	MH2	Modern Horizons 2	157	normal	mythic	1	59863	eb0e0404-4846-4891-acfa-bd0951ecf9c6	4.04	FALSE	FALSE	near_mint	en	USD	2024-03-11T19:53:29.024Z
Lifecrafter's Bestiary	MIC	Midnight Hunt Commander	160	normal	rare	1	63671	b7fbf696-0e8a-47bc-a284-752e8554a99b	0.48	FALSE	FALSE	near_mint	en	USD	2024-03-11T19:53:29.024Z
Pattern of Rebirth	UMA	Ultimate Masters	176	normal	rare	1	43338	c0e34219-9fd9-4f11-a244-670fb75ef938	3.93	FALSE	FALSE	near_mint	en	USD	2024-03-11T19:53:29.024Z
Up the Beanstalk	WOE	Wilds of Eldraine	195	foil	uncommon	2	85323	2d5e991f-23b2-4db0-a452-7755125b1fd2	3.03	FALSE	FALSE	near_mint	en	USD	2024-03-11T19:53:29.024Z
Ancestral Mask	MMQ	Mercadian Masques	229	normal	common	1	34181	1203f98a-fb6e-4f16-88e3-553eba177450	1.49	FALSE	FALSE	near_mint	en	USD	2024-03-11T19:53:29.024Z
Selvala, Heart of the Wilds	CMM	Commander Masters	681	foil	mythic	1	84202	3088aed3-4568-4978-ac4c-6c435b65c083	15.99	FALSE	FALSE	near_mint	en	USD	2024-03-11T19:53:29.024Z
Invasion of Shandalar // Leyline Surge	MOM	March of the Machine	193	normal	mythic	1	81090	5f80764e-8fa2-44e2-84c6-3b55f1c40ee7	1.3	FALSE	FALSE	near_mint	en	USD	2024-03-11T19:53:29.024Z
Ohran Frostfang	C19	Commander 2019	33	normal	rare	1	45901	9eb08e11-c247-404c-9f40-a12cb7087d0c	6.83	FALSE	FALSE	near_mint	en	USD	2024-03-11T19:53:29.024Z
Elanor Gardner	LTR	The Lord of the Rings: Tales of Middle-earth	286	normal	rare	1	83124	6165eb73-49a8-4337-aa5d-7d9d48b916c9	5.15	FALSE	FALSE	near_mint	en	USD	2024-03-11T19:53:29.024Z
Venerated Rotpriest	ONE	Phyrexia: All Will Be One	192	normal	rare	1	78865	d1b032e3-14e3-48ba-ab8a-d2b4f8d31a7d	1.95	FALSE	FALSE	near_mint	en	USD	2024-03-11T19:59:06.681Z
Multani, Yavimaya's Avatar	DOM	Dominaria	174	normal	mythic	1	2102	5233ad7b-2903-4736-b13a-5cd4a275eb61	0.5	FALSE	FALSE	near_mint	en	USD	2024-03-11T19:59:06.681Z
Storm the Festival	MID	Innistrad: Midnight Hunt	200	normal	rare	1	63404	b4f1f69c-122d-472a-b82d-fed7c253a4cd	0.28	FALSE	FALSE	near_mint	en	USD	2024-03-11T19:59:06.681Z
Gargos, Vicious Watcher	PM20	Core Set 2020 Promos	172p	foil	rare	1	45546	529ee2b0-eb80-4387-80b4-1611bcb76be2	0.88	FALSE	FALSE	near_mint	en	USD	2024-03-11T19:59:06.681Z
Return of the Wildspeaker	C21	Commander 2021	205	normal	rare	1	58505	110cf870-7e8c-43e2-9184-4d8c43f9f480	1.1	FALSE	FALSE	near_mint	en	USD	2024-03-11T19:59:06.681Z
One with Nature	SCG	Scourge	125	normal	uncommon	1	30563	2321b01c-7eef-48cc-a86b-4074dfa5b86b	1.27	FALSE	FALSE	near_mint	en	USD	2024-03-11T19:59:06.681Z
Cemetery Prowler	VOW	Innistrad: Crimson Vow	191	foil	mythic	1	64372	b124ccc4-76e3-41a4-92b2-8f1d06ea9cb8	4.05	FALSE	FALSE	near_mint	en	USD	2024-03-11T19:59:06.681Z
The World Spell	DMU	Dominaria United	189	normal	mythic	1	71858	f3a9112a-6a1d-4d89-9866-189b55cd326d	0.5	FALSE	FALSE	near_mint	en	USD	2024-03-11T19:59:06.681Z
Managorger Hydra	C21	Commander 2021	199	normal	rare	1	58525	234b6ddf-c2d9-45d5-9dd6-caae2a96a755	0.86	FALSE	FALSE	near_mint	en	USD	2024-03-11T19:59:06.681Z
Boreal Druid	CSP	Coldsnap	105	normal	common	2	27136	473d3633-6dc7-4026-a50e-3ea76b9e8c20	4.03	FALSE	FALSE	near_mint	en	USD	2024-03-11T19:59:06.681Z
Yeva, Nature's Herald	RVR	Ravnica Remastered	162	normal	rare	1	89731	67ff9ba3-cd2b-4970-b4da-22104b10a4a4	1.37	FALSE	FALSE	near_mint	en	USD	2024-03-11T19:59:06.681Z
Gisela, Blade of Goldnight	AVR	Avacyn Restored	209	normal	mythic	1	18069	7208fcb8-83e6-44ce-af9a-ca1566825018	4.74	FALSE	FALSE	near_mint	en	USD	2024-03-11T19:59:06.681Z
Damn	MH2	Modern Horizons 2	80	normal	rare	1	59873	efeae088-9ac5-4d2f-a15c-d8675a471ac5	2.25	FALSE	FALSE	near_mint	en	USD	2024-03-11T19:59:06.681Z
The Pride of Hull Clade	MKM	Murders at Karlov Manor	382	foil	mythic	1	91066	99027565-f009-48d6-a7d0-fec1afff0611	5.39	FALSE	FALSE	near_mint	en	USD	2024-03-11T19:59:06.681Z
Captain N'ghathrod	CLB	Commander Legends: Battle for Baldur's Gate	646	foil	mythic	1	69032	55c02dc8-0743-400c-b334-ca029caf0463	11.52	FALSE	FALSE	near_mint	en	USD	2024-03-11T19:59:06.681Z
Hadana's Climb // Winged Temple of Orazca	RIX	Rivals of Ixalan	158	normal	rare	1	2860	8e7554bc-8583-4059-8895-c3845bc27ae3	2.47	FALSE	FALSE	near_mint	en	USD	2024-03-11T19:59:06.681Z
Anowon, the Ruin Thief	ZNC	Zendikar Rising Commander	1	foil	mythic	1	54726	bca84fc4-4710-44c8-b90a-73ef888714d8	0.42	FALSE	FALSE	near_mint	en	USD	2024-03-11T19:59:06.681Z
Adrix and Nev, Twincasters	C21	Commander 2021	9	foil	mythic	1	57961	d495e084-92ec-4675-b6aa-8ade2775b796	8.94	FALSE	FALSE	near_mint	en	USD	2024-03-11T19:59:06.681Z
Rakdos, Patron of Chaos	MKM	Murders at Karlov Manor	369	foil	mythic	1	91077	9ea5f435-144e-4466-be0f-781664cfddb7	4.57	FALSE	FALSE	near_mint	en	USD	2024-03-11T19:59:06.681Z
Oko, the Trickster	ELD	Throne of Eldraine	309	foil	mythic	1	46062	83e61813-c4c8-4e80-8808-ac5107966ee3	0.75	FALSE	FALSE	near_mint	en	USD	2024-03-11T19:59:06.681Z
Hylda of the Icy Crown	WOE	Wilds of Eldraine	206	normal	mythic	1	85652	ae9231fd-053d-4b84-a7a8-86063465bc49	3.28	FALSE	FALSE	near_mint	en	USD	2024-03-11T19:59:06.681Z
Roalesk, Apex Hybrid	NCC	New Capenna Commander	349	normal	mythic	1	68338	a52a5f4b-d2e1-405e-82b4-ea35ab851c42	0.5	FALSE	FALSE	near_mint	en	USD	2024-03-11T19:59:06.681Z
Tasha, the Witch Queen	CLB	Commander Legends: Battle for Baldur's Gate	364	foil	mythic	1	69299	ce387e9c-2d0e-4314-ac8d-4b7c93286fb2	10.12	FALSE	FALSE	near_mint	en	USD	2024-03-11T19:59:06.681Z
Double Major	STX	Strixhaven: School of Mages	179	normal	rare	1	58310	c3d35413-8742-4443-8859-93c91112978d	2.24	FALSE	FALSE	near_mint	en	USD	2024-03-11T19:59:06.681Z
Brimaz, Blight of Oreskos	MOC	March of the Machine Commander	2	normal	mythic	1	81273	f0d31ae7-8580-402a-a917-3d626a9e1f49	0.45	FALSE	FALSE	near_mint	en	USD	2024-03-11T19:59:06.681Z
Halana and Alena, Partners	DBL	Innistrad: Double Feature	506	normal	rare	1	65249	597e70d7-843c-4588-9b51-f2b9b5f5a1e6	1.08	FALSE	FALSE	near_mint	en	USD	2024-03-11T19:59:06.681Z
Brudiclad, Telchor Engineer	BRC	The Brothers' War Commander	122	normal	rare	1	75717	b2068926-0a67-4cdf-8c80-103ec32564e9	0.4	FALSE	FALSE	near_mint	en	USD	2024-03-11T19:59:06.681Z
Brago, King Eternal	PLST	The List	EMA-198	normal	rare	1	66638	0a20a8d0-209b-44da-9c1e-e3e7853e7060	3.25	FALSE	FALSE	near_mint	en	USD	2024-03-11T19:59:06.681Z
Klauth's Will	AFC	Forgotten Realms Commander	51	normal	rare	1	60584	761e1f77-5231-4008-829f-99650b429fb3	3.91	FALSE	FALSE	near_mint	en	USD	2024-03-11T19:59:06.681Z
Kaito Shizuki	NEO	Kamigawa: Neon Dynasty	226	normal	mythic	1	66341	2d35a710-3008-4e27-8afd-6e83329f9917	1.37	FALSE	FALSE	near_mint	en	USD	2024-03-11T19:59:06.681Z
Zirda, the Dawnwaker	MUL	Multiverse Legends	65	normal	rare	1	81369	5fe75365-7f6d-4faf-9f55-0ba83821836a	1.61	FALSE	FALSE	near_mint	en	USD	2024-03-11T19:59:06.681Z
Brudiclad, Telchor Engineer	2XM	Double Masters	193	normal	rare	1	51838	25eff27a-eb58-4a95-b2df-4a341cf9bef6	0.75	FALSE	FALSE	near_mint	en	USD	2024-03-11T19:59:06.681Z
Karazikar, the Eye Tyrant	AFC	Forgotten Realms Commander	49	foil	mythic	1	60574	da46b47b-0156-4a01-b4b1-28526a6826f4	10.18	FALSE	FALSE	near_mint	en	USD	2024-03-11T20:04:48.508Z
Knight of the Reliquary	IMA	Iconic Masters	203	normal	rare	1	3422	205df311-a72d-40f1-b2ea-9b30274bc9bd	1.39	FALSE	FALSE	near_mint	en	USD	2024-03-11T20:04:48.508Z
Teysa Karlov	RNA	Ravnica Allegiance	212	normal	rare	1	43653	bcfaa19e-995e-447d-a0a2-46e5d117d5ec	2.52	FALSE	FALSE	near_mint	en	USD	2024-03-11T20:04:48.508Z
Teferi, Time Raveler	RVR	Ravnica Remastered	232	normal	mythic	1	89726	662fe50f-d75c-422c-8c6c-1f9b5c4ba21f	6.92	FALSE	FALSE	near_mint	en	USD	2024-03-11T20:04:48.508Z
Dreadbore	RVR	Ravnica Remastered	365	normal	rare	1	89921	d4adc7d0-f982-4911-a65a-f844a97072f3	0.48	FALSE	FALSE	near_mint	en	USD	2024-03-11T20:04:48.508Z
Tovolar, Dire Overlord // Tovolar, the Midnight Scourge	MID	Innistrad: Midnight Hunt	311	normal	rare	1	63347	925dee92-9c8d-4eef-a326-2fdae72b4328	0.75	FALSE	FALSE	near_mint	en	USD	2024-03-11T20:04:48.508Z
Minsc & Boo, Timeless Heroes	CLB	Commander Legends: Battle for Baldur's Gate	285	normal	mythic	2	67517	928036c9-11b8-493e-b9f2-8fbd3487cd19	3.8	FALSE	FALSE	near_mint	en	USD	2024-03-11T20:04:48.508Z
Boo	TCLB	Battle for Baldur's Gate Tokens	9	normal	common	1	69418	0d0475e9-68ae-4553-a5ef-650091e04967	1.88	FALSE	FALSE	near_mint	en	USD	2024-03-11T20:04:48.508Z
Wilhelt, the Rotcleaver	MIC	Midnight Hunt Commander	2	normal	mythic	1	62268	2501a911-d072-436d-ae3b-a5164e3b30aa	8.8	FALSE	FALSE	near_mint	en	USD	2024-03-11T20:04:48.508Z
Kaya, Orzhov Usurper	PLST	The List	RNA-186	normal	mythic	2	78308	13f808c0-3890-467a-97f9-3647b7b5146d	0.5	FALSE	FALSE	near_mint	en	USD	2024-03-11T20:04:48.508Z
Sovereigns of Lost Alara	UMA	Ultimate Masters	207	normal	rare	1	43314	9d68ea02-66d3-4cca-ba0c-96f4340f683c	0.7	FALSE	FALSE	near_mint	en	USD	2024-03-11T20:04:48.508Z
Domri Rade	RVR	Ravnica Remastered	444	normal	mythic	1	89633	36a56ad2-ca21-4ab4-a819-a20642d3fadd	0.72	FALSE	FALSE	near_mint	en	USD	2024-03-11T20:04:48.508Z
Kenessos, Priest of Thassa	J22	Jumpstart 2022	13	normal	rare	1	76100	0ba97da8-0106-4e8b-b58b-8f2d63e3d618	9.12	FALSE	FALSE	near_mint	en	USD	2024-03-11T20:04:48.508Z
Mizzix of the Izmagnus	PLST	The List	C15-50	normal	mythic	1	59043	f008d7be-f2a6-431b-82a6-de2aaf8ac6da	0.59	FALSE	FALSE	near_mint	en	USD	2024-03-11T20:04:48.508Z
Calix, Destiny's Hand	THB	Theros Beyond Death	211	normal	mythic	1	46851	86458929-ea21-4de8-84d8-a07398ed3bc0	0.97	FALSE	FALSE	near_mint	en	USD	2024-03-11T20:04:48.508Z
Yarok, the Desecrated	MUL	Multiverse Legends	63	normal	mythic	1	81465	e56ba25b-1803-4e1a-b7cf-c2c873159010	2.84	FALSE	FALSE	near_mint	en	USD	2024-03-11T20:04:48.508Z
Zimone and Dina	MOM	March of the Machine	318	normal	mythic	1	81281	f9769de5-43d0-4a59-a219-1740c65281c4	1	FALSE	FALSE	near_mint	en	USD	2024-03-11T20:04:48.508Z
Rashmi and Ragavan	MOC	March of the Machine Commander	8	normal	mythic	1	81323	30b2f2fd-8087-4fa8-9eb7-bf9b89a5dfb9	0.39	FALSE	FALSE	near_mint	en	USD	2024-03-11T20:04:48.508Z
Jetmir, Nexus of Revels	SNC	Streets of New Capenna	193	normal	mythic	1	68089	f9c69d75-651f-4b75-b65d-79999d2069f6	9.17	FALSE	FALSE	near_mint	en	USD	2024-03-11T20:04:48.508Z
Tom Bombadil	LTR	The Lord of the Rings: Tales of Middle-earth	331	normal	mythic	1	83008	3c7ce623-bcf8-4d42-8a88-450bea7d7529	2.92	FALSE	FALSE	near_mint	en	USD	2024-03-11T20:04:48.508Z
Begin the Invasion	MOC	March of the Machine Commander	87	foil	mythic	1	81729	6b27b162-33cc-4543-8744-dbd00279a6a7	0.5	FALSE	FALSE	near_mint	en	USD	2024-03-11T20:04:48.508Z
The Swarmlord	40K	Warhammer 40,000 Commander	4	foil	mythic	1	72538	d5c4077c-604e-4e8a-b448-0807849040ca	8.61	FALSE	FALSE	near_mint	en	USD	2024-03-11T20:04:48.508Z
Omnath, Locus of All	MOM	March of the Machine	387	foil	rare	1	80452	64b0acfa-1a8d-4a94-8972-c9bb235e4897	0.55	FALSE	FALSE	near_mint	en	USD	2024-03-11T20:04:48.508Z
Intet, the Dreamer	PLC	Planar Chaos	158	normal	rare	1	26376	394e4fe9-2bb0-4a5c-bf10-b72b519d5226	0.5	FALSE	FALSE	near_mint	en	USD	2024-03-11T20:04:48.508Z
Miirym, Sentinel Wyrm	CLB	Commander Legends: Battle for Baldur's Gate	431	normal	rare	1	69172	96f0daf2-36c5-4b3e-ab81-7317682a406b	5.45	FALSE	FALSE	near_mint	en	USD	2024-03-11T20:04:48.508Z
Thalia and The Gitrog Monster	MOM	March of the Machine	255	normal	mythic	1	80459	8d7ff937-de92-445f-976c-726fef5c91cc	4.35	FALSE	FALSE	near_mint	en	USD	2024-03-11T20:04:48.508Z
Vodalian Mindsinger	DMU	Dominaria United	76	foil	rare	1	71311	211a9db2-8b5f-419d-8032-ac2a571dbb53	0.15	FALSE	FALSE	near_mint	en	USD	2024-03-11T20:04:48.508Z
Dihada, Binder of Wills	DMC	Dominaria United Commander	1	normal	mythic	1	71806	ddeb54d6-a600-42b9-98df-20f8d58caed8	15.73	FALSE	FALSE	near_mint	en	USD	2024-03-11T20:04:48.508Z
Soul of Windgrace	DMU	Dominaria United	220	normal	mythic	1	71820	e775a2e6-e701-4cb8-8c0b-718d3508f6b6	0.47	FALSE	FALSE	near_mint	en	USD	2024-03-11T20:04:48.508Z
Rith, Liberated Primeval	DMU	Dominaria United	214	normal	mythic	1	71681	ac148784-b7b6-4aae-bffb-a4cf09f56971	3.84	FALSE	FALSE	near_mint	en	USD	2024-03-11T20:04:48.508Z
Jetmir, Nexus of Revels	SNC	Streets of New Capenna	193	foil	mythic	1	68089	f9c69d75-651f-4b75-b65d-79999d2069f6	8	FALSE	FALSE	near_mint	en	USD	2024-03-11T20:04:48.508Z
Sarkhan Unbroken	DTK	Dragons of Tarkir	230	normal	mythic	1	11584	192452f8-93c2-4a20-a52b-0093741a9e45	16.48	FALSE	FALSE	near_mint	en	USD	2024-03-11T20:04:48.508Z
Brokers Ascendancy	SNC	Streets of New Capenna	170	normal	rare	1	67841	799de0f1-6bf2-4158-8a4f-bedc3d2f6578	1.81	FALSE	FALSE	near_mint	en	USD	2024-03-11T20:04:48.508Z
Jared Carthalion	DMC	Dominaria United Commander	2	normal	mythic	2	71465	5acffa48-9e3f-4ba3-a55f-d459307f46df	0.92	FALSE	FALSE	near_mint	en	USD	2024-03-11T20:04:48.508Z
Finest Hour	C18	Commander 2018	180	normal	rare	1	663	ad89ace6-b872-4a56-8128-795119ceb972	0.61	FALSE	FALSE	near_mint	en	USD	2024-03-11T20:04:48.508Z
Omnath, Locus of the Roil	M20	Core Set 2020	216	normal	mythic	1	45244	cb53a29d-2de2-4874-a6f3-0fecbfa14cf2	8.91	FALSE	FALSE	near_mint	en	USD	2024-03-11T20:04:48.508Z
Omnath, Locus of Creation	ZNR	Zendikar Rising	312	normal	mythic	1	54665	9b5bc5d7-c0f8-4632-adb7-dd3b75a3d87d	4.13	FALSE	FALSE	near_mint	en	USD	2024-03-11T20:04:48.508Z
Omnath, Locus of Creation	ZNR	Zendikar Rising	232	normal	mythic	1	54543	4e4fb50c-a81f-44d3-93c5-fa9a0b37f617	4.47	FALSE	FALSE	near_mint	en	USD	2024-03-11T20:04:48.508Z
Xander's Lounge	SNC	Streets of New Capenna	260	foil	rare	1	67763	54f449ff-4025-465e-9ec5-a5cf42c4c9d3	13.77	FALSE	FALSE	near_mint	en	USD	2024-03-11T20:08:57.967Z
Xander's Lounge	SNC	Streets of New Capenna	294	normal	rare	1	67888	9412a7ce-ffaa-4224-8434-c326280283a8	20.61	FALSE	FALSE	near_mint	en	USD	2024-03-11T20:08:57.967Z
Xander's Lounge	SNC	Streets of New Capenna	260	normal	rare	1	67763	54f449ff-4025-465e-9ec5-a5cf42c4c9d3	12.85	FALSE	FALSE	near_mint	en	USD	2024-03-11T20:08:57.967Z
Raffine's Tower	SNC	Streets of New Capenna	254	normal	rare	3	67924	a2c56479-4bee-4edb-80d7-4af010b7c793	14.48	FALSE	FALSE	near_mint	en	USD	2024-03-11T20:08:57.967Z
Ziatora's Proving Ground	SNC	Streets of New Capenna	261	normal	rare	1	67835	75fdce80-e338-4a50-bdc6-786511feaeef	11.83	FALSE	FALSE	near_mint	en	USD	2024-03-11T20:08:57.967Z
Jetmir's Garden	SNC	Streets of New Capenna	250	normal	rare	1	67656	26d40e03-6de4-4373-9fbf-04c1dd79e995	16.82	FALSE	FALSE	near_mint	en	USD	2024-03-11T20:08:57.967Z
Jetmir's Garden	SNC	Streets of New Capenna	291	normal	rare	1	68055	e4bb5f59-2a63-421b-94a1-4cbef00f0c7e	27.27	FALSE	FALSE	near_mint	en	USD	2024-03-11T20:08:57.967Z
Misty Rainforest	MH2	Modern Horizons 2	250	normal	rare	1	58999	88231c0d-0cc8-44ec-bf95-81d1710ac141	35.3	FALSE	FALSE	near_mint	en	USD	2024-03-11T20:08:57.967Z
Scalding Tarn	MH2	Modern Horizons 2	254	normal	rare	1	58986	71e491c5-8c07-449b-b2f1-ffa052e6d311	36.47	FALSE	FALSE	near_mint	en	USD	2024-03-11T20:08:57.967Z
Arid Mesa	MH2	Modern Horizons 2	244	normal	rare	1	58964	25ac5405-df7b-4097-914a-022cb18e20d4	34.54	FALSE	FALSE	near_mint	en	USD	2024-03-11T20:08:57.967Z
Breeding Pool	RVR	Ravnica Remastered	399	normal	rare	1	89994	f920e32c-8a4b-4152-be3a-02810f3e5f13	16.51	FALSE	FALSE	near_mint	en	USD	2024-03-11T20:08:57.967Z
Steam Vents	RVR	Ravnica Remastered	288	normal	rare	1	89727	66d618f4-443c-4a6c-8cbd-5d4ea96b2cd4	17.91	FALSE	FALSE	near_mint	en	USD	2024-03-11T20:08:57.967Z
Blood Crypt	PLST	The List	DIS-171	normal	rare	1	65018	f66e7af8-3ec7-42ed-b942-913b03bc107e	17.94	FALSE	FALSE	near_mint	en	USD	2024-03-11T20:08:57.967Z
Blood Crypt	RVR	Ravnica Remastered	273	normal	rare	1	89543	0994aef4-b341-45f4-8881-523565a5956e	18.3	FALSE	FALSE	near_mint	en	USD	2024-03-11T20:08:57.967Z
Island	ONS	Onslaught	338	foil	common	2	30965	189a09b8-46d2-4ef6-b7cc-9e510d1ea0b8	4.71	FALSE	FALSE	near_mint	en	USD	2024-03-11T20:08:57.967Z
Seachrome Coast	ONE	Phyrexia: All Will Be One	258	normal	rare	2	78734	9ed7441f-f624-49c8-8611-d9bba0e441ac	0.25	FALSE	FALSE	near_mint	en	USD	2024-03-11T20:08:57.967Z
Lair of the Hydra	AFR	Adventures in the Forgotten Realms	259	normal	rare	1	60388	b670bb0f-680f-4036-bdb6-ac73e866a398	0.35	FALSE	FALSE	near_mint	en	USD	2024-03-11T20:08:57.967Z
Plaza of Heroes	DMU	Dominaria United	252	foil	rare	1	71660	a2cfcf67-f83c-43af-9e2d-5513fcdde835	8.49	FALSE	FALSE	near_mint	en	USD	2024-03-11T20:12:48.141Z
Maze of Ith	DMR	Dominaria Remastered	398	normal	rare	1	78115	c6202554-88a7-4b7f-b20f-d034997dbd02	9	FALSE	FALSE	near_mint	en	USD	2024-03-11T20:12:48.141Z
Buried Ruin	ONC	Phyrexia: All Will Be One Commander	147	normal	uncommon	1	78892	dd138d22-6381-495e-bc69-91b643708d38	0.63	FALSE	FALSE	near_mint	en	USD	2024-03-11T20:12:48.141Z
Hengegate Pathway // Mistgate Pathway	KHM	Kaldheim	260	normal	rare	1	56950	7ef37cb3-d803-47d7-8a01-9c803aa2eadc	5.08	FALSE	FALSE	near_mint	en	USD	2024-03-11T20:12:48.141Z
Clearwater Pathway // Murkwater Pathway	ZNR	Zendikar Rising	286	normal	rare	1	54700	b0fe4b53-18f6-42eb-b03f-cab3e5a7fba6	5.04	FALSE	FALSE	near_mint	en	USD	2024-03-11T20:12:48.141Z
Emergence Zone	WAR	War of the Spark	245	normal	uncommon	1	44159	ab95f6e7-b806-47fe-a071-6c38b3176d94	4.47	FALSE	FALSE	near_mint	en	USD	2024-03-11T20:12:48.141Z
Underground River	BRO	The Brothers' War	300	normal	rare	1	75437	4b4fa784-010d-4b27-9e35-43ad78e1ed5e	4.34	FALSE	FALSE	near_mint	en	USD	2024-03-11T20:12:48.141Z
Minas Tirith	LTR	The Lord of the Rings: Tales of Middle-earth	256	normal	rare	1	83408	b38b6760-616f-4b11-8ce7-ac1223c7fd53	6.24	FALSE	FALSE	near_mint	en	USD	2024-03-11T20:12:48.141Z
Minas Tirith	LTR	The Lord of the Rings: Tales of Middle-earth	341	normal	rare	1	83243	82e8a91c-74ee-411b-9d74-4e72df24258b	6.94	FALSE	FALSE	near_mint	en	USD	2024-03-11T20:12:48.141Z
Dreamroot Cascade	VOW	Innistrad: Crimson Vow	262	normal	rare	1	64459	eb604455-c411-414d-a2ef-e7567ee86a4d	1.31	FALSE	FALSE	near_mint	en	USD	2024-03-11T20:12:48.141Z
Savai Triome	IKO	Ikoria: Lair of Behemoths	253	normal	rare	1	49824	748e6a61-9c1f-4225-9f04-e54002f63ac3	19.56	FALSE	FALSE	near_mint	en	USD	2024-03-11T20:12:48.141Z
Sea of Clouds	CLB	Commander Legends: Battle for Baldur's Gate	605	normal	rare	1	67521	a521f3f6-f90c-4fde-9b53-0e7301a5f8b7	22.5	FALSE	FALSE	near_mint	en	USD	2024-03-11T20:12:48.141Z
Inspiring Vantage	KLD	Kaladesh	246	normal	rare	1	7397	160ac412-005f-48ca-a204-10207307c6c2	1.82	FALSE	FALSE	near_mint	en	USD	2024-03-11T20:12:48.141Z
Restless Anchorage	LCI	The Lost Caverns of Ixalan	347	normal	rare	2	88280	0fc7725d-eb04-4778-8f5e-4c1239ed08b8	1.16	FALSE	FALSE	near_mint	en	USD	2024-03-11T20:12:48.141Z
Seaside Citadel	NCC	New Capenna Commander	425	normal	uncommon	1	68291	816ce96f-9180-4f95-a7cd-334f4a159fa7	0.33	FALSE	FALSE	near_mint	en	USD	2024-03-11T20:12:48.141Z
Morphic Pool	CLB	Commander Legends: Battle for Baldur's Gate	603	foil	rare	1	67518	98c569b0-f011-4570-9eb8-b819f8fe54f6	35.43	FALSE	FALSE	near_mint	en	USD	2024-03-11T20:12:48.141Z
Morphic Pool	CLB	Commander Legends: Battle for Baldur's Gate	603	normal	rare	1	67518	98c569b0-f011-4570-9eb8-b819f8fe54f6	30.91	FALSE	FALSE	near_mint	en	USD	2024-03-11T20:12:48.141Z
Spark Double	CMM	Commander Masters	856	normal	rare	1	84895	cdbb32db-fb1d-4f47-a258-fa1a0a00bd76	12.35	FALSE	FALSE	near_mint	en	USD	2024-03-11T20:36:25.602Z
Elspeth Resplendent	SNC	Streets of New Capenna	341	normal	mythic	1	67629	1a883eb5-2666-487b-b8c8-fd8ad12afaeb	5	FALSE	FALSE	near_mint	en	USD	2024-03-11T20:36:25.602Z
Parallax Wave	PLST	The List	NEM-17	normal	rare	1	55025	90538019-58eb-4b4f-b2a5-4650e5b6ec84	29.37	FALSE	FALSE	near_mint	en	USD	2024-03-11T20:36:25.602Z
Mistcutter Hydra	THS	Theros	162	normal	rare	1	15502	3c844ed7-8ed2-4a39-9134-e14e476ab0c4	1.43	FALSE	FALSE	near_mint	en	USD	2024-03-11T20:36:25.602Z
Primordial Hydra	M13	Magic 2013	183	normal	mythic	1	17640	937deb52-8888-4298-9ae5-0361c6fdbba2	6.74	FALSE	FALSE	near_mint	en	USD	2024-03-11T20:36:25.602Z
Anointed Procession	PLST	The List	AKH-2	normal	rare	1	66801	c9d6af7b-41a5-4077-81ed-7560548dcf3e	58.9	FALSE	FALSE	near_mint	en	USD	2024-03-11T20:36:25.602Z
Phenax, God of Deception	BNG	Born of the Gods	152	normal	mythic	1	14808	8dfcb129-4665-40e4-b5cb-a79f3f40ae5c	14.85	FALSE	FALSE	near_mint	en	USD	2024-03-11T20:36:25.602Z
Gandalf the White	LTR	The Lord of the Rings: Tales of Middle-earth	19	normal	mythic	1	83590	e384c20b-d0c1-4781-9d11-e89e5a6bf3fc	8.4	FALSE	FALSE	near_mint	en	USD	2024-03-11T20:36:25.602Z
Lush Portico	MKM	Murders at Karlov Manor	263	foil	rare	1	91179	c17816e8-28b1-4295-a637-efb0e5c18873	7.45	FALSE	FALSE	near_mint	en	USD	2024-03-11T20:36:25.602Z
Meticulous Archive	MKM	Murders at Karlov Manor	328	normal	rare	1	90984	79d4ba4b-03f3-4e64-b4e7-8c025fc70178	16.83	FALSE	FALSE	near_mint	en	USD	2024-03-11T20:36:25.602Z
Sublime Archangel	UMA	Ultimate Masters	38	normal	rare	1	43461	95e53129-c49b-4bb8-a816-629fc87e58bb	2.52	FALSE	FALSE	near_mint	en	USD	2024-03-11T20:36:25.602Z
Kessig Wolf Run	CLB	Commander Legends: Battle for Baldur's Gate	898	normal	rare	1	69576	814e1393-34e1-4a31-98c5-97a3290a105b	0.48	FALSE	FALSE	near_mint	en	USD	2024-03-11T20:36:25.602Z
Farewell	NEO	Kamigawa: Neon Dynasty	13	foil	rare	1	66822	e1068723-d1ef-4007-97d9-b10dccdbade4	6.49	FALSE	FALSE	near_mint	en	USD	2024-03-11T20:36:25.602Z
Urza's Ruinous Blast	DOM	Dominaria	39	normal	rare	1	2237	57b50a96-6221-44f0-b54a-76076621047e	1.42	FALSE	FALSE	light_played	en	USD	2024-03-11T20:36:25.602Z
Keeper of the Accord	MKC	Murders at Karlov Manor Commander	70	normal	rare	1	90252	08788504-17b9-47b1-b928-f395d0057eed	0.61	FALSE	FALSE	near_mint	en	USD	2024-03-11T20:36:25.602Z
Blind Obedience	RVR	Ravnica Remastered	9	normal	rare	1	89929	d859e1f9-feb3-497a-af0b-f74fee46861f	5.1	FALSE	FALSE	near_mint	en	USD	2024-03-11T20:36:25.602Z
Halvar, God of Battle // Sword of the Realms	KHM	Kaldheim	299	normal	mythic	1	57173	feddb683-a8f8-4def-bd3e-6d630c42cd34	28.87	FALSE	FALSE	near_mint	en	USD	2024-03-11T20:36:25.602Z
Myrel, Shield of Argive	BRO	The Brothers' War	18	normal	mythic	1	75855	e632ed57-bb00-4493-adef-7b4805edd7ea	18.61	FALSE	FALSE	near_mint	en	USD	2024-03-11T20:36:25.602Z
Basalt Monolith	2XM	Double Masters	232	normal	uncommon	1	52077	f79de5e7-1545-420c-bfe1-ee2444fca85b	3.88	FALSE	FALSE	near_mint	en	USD	2024-03-11T20:36:25.602Z
Power Conduit	NCC	New Capenna Commander	376	normal	uncommon	1	68360	b4634637-ba33-4849-b647-d33018a02f39	6	FALSE	FALSE	near_mint	en	USD	2024-03-11T20:36:25.602Z
Dragon's Approach	STX	Strixhaven: School of Mages	97	normal	common	4	57991	0cb504a0-1dfb-49d0-84c3-7bd318d55481	2.36	FALSE	FALSE	near_mint	en	USD	2024-03-11T20:36:25.602Z
Burning Inquiry	PLST	The List	M10-128	normal	common	1	47491	5b5f03d2-608c-4fae-9a05-1695e277adf8	2.83	FALSE	FALSE	near_mint	en	USD	2024-03-11T20:36:25.602Z
Promise of Aclazotz // Foul Rebirth	LCC	The Lost Caverns of Ixalan Commander	84	normal	rare	1	88839	b88a3b40-bf04-4017-be97-08ab86e331d1	0.17	FALSE	FALSE	near_mint	en	USD	2024-03-11T20:36:25.602Z
Torens, Fist of the Angels	VOW	Innistrad: Crimson Vow	344	foil	rare	1	64104	162a3448-34fd-4de6-a6b4-f6d636eead8c	0.5	FALSE	FALSE	near_mint	en	USD	2024-03-11T20:42:27.147Z
Extraction Specialist	SNC	Streets of New Capenna	12	normal	rare	1	67957	b404d6c7-0b65-4c6a-b141-9dffbeb120db	0.24	FALSE	FALSE	near_mint	en	USD	2024-03-11T20:42:27.147Z
Folk Hero	CLB	Commander Legends: Battle for Baldur's Gate	608	normal	mythic	1	69853	848c10bc-3d08-4706-ab8e-e9c84a0c0c3d	8.92	FALSE	FALSE	near_mint	en	USD	2024-03-11T20:42:27.147Z
Selfless Squire	C21	Commander 2021	103	normal	rare	1	58496	0a6ed4b6-03b4-4e61-99b2-aff00c03b2cc	0.36	FALSE	FALSE	near_mint	en	USD	2024-03-11T20:42:27.147Z
Thalia, Guardian of Thraben	VOW	Innistrad: Crimson Vow	38	normal	rare	1	64411	c9f8b8fb-1cd8-450e-a1fe-892e7a323479	0.49	FALSE	FALSE	near_mint	en	USD	2024-03-11T20:42:27.147Z
Sanctifier en-Vec	MH2	Modern Horizons 2	27	normal	rare	1	59897	f8c3cca4-23c0-4c14-ab56-51ba011f5974	0.24	FALSE	FALSE	near_mint	en	USD	2024-03-11T20:42:27.147Z
Surrak and Goreclaw	MOM	March of the Machine	337	normal	rare	1	81169	9c10934d-9016-43c4-a7ab-56cc7d8f671f	11.56	FALSE	FALSE	near_mint	en	USD	2024-03-11T20:42:27.147Z
Kolvori, God of Kinship // The Ringhart Crest	KHM	Kaldheim	318	normal	rare	1	57033	aabe2c58-620a-4caa-880f-326676422fe7	0.25	FALSE	FALSE	near_mint	en	USD	2024-03-11T20:42:27.147Z
Kyler, Sigardian Emissary	MIC	Midnight Hunt Commander	4	normal	mythic	1	63611	62a78aae-598e-4f2b-a7bc-c3afc1d0d191	0.59	FALSE	FALSE	near_mint	en	USD	2024-03-11T20:42:27.147Z
Kellan, Daring Traveler // Journey On	LCI	The Lost Caverns of Ixalan	341	normal	rare	2	88712	95a9d11a-ecf0-471e-9dc3-a5baa6725044	0.15	FALSE	FALSE	near_mint	en	USD	2024-03-11T20:42:27.147Z
Sigarda, Heron's Grace	MIC	Midnight Hunt Commander	155	normal	mythic	1	63656	a1de7031-f589-4af5-9c63-06fb7ec7a6b5	0.49	FALSE	FALSE	near_mint	en	USD	2024-03-11T20:42:27.147Z
Sidar Kondo of Jamuraa	MKC	Murders at Karlov Manor Commander	219	normal	mythic	1	90466	9c551a94-9895-486a-a39a-6bf2f8939b35	0.15	FALSE	FALSE	near_mint	en	USD	2024-03-11T20:42:27.147Z
Taranika, Akroan Veteran	J22	Jumpstart 2022	253	normal	rare	1	76362	623be150-7440-428f-9f57-73cf46189205	0.19	FALSE	FALSE	near_mint	en	USD	2024-03-11T20:42:27.147Z
Mangara, the Diplomat	CMM	Commander Masters	42	normal	rare	2	84021	09e77ae5-a1a6-4e51-9853-10e81ca2dd2c	0.57	FALSE	FALSE	near_mint	en	USD	2024-03-11T20:42:27.147Z
Othelm, Sigardian Outcast	SLX	Universes Within	6	normal	rare	1	67450	b867fb22-4f2a-47aa-9432-1bcc5e731947	0.43	FALSE	FALSE	near_mint	en	USD	2024-03-11T20:42:27.147Z
Loran of the Third Path	BRO	The Brothers' War	12	normal	rare	1	75477	59faa45d-868b-4bc7-934c-0e077642e129	4.53	FALSE	FALSE	near_mint	en	USD	2024-03-11T20:42:27.147Z
Bess, Soul Nourisher	NCC	New Capenna Commander	67	normal	rare	1	68423	d96c33f5-f891-44bc-8ae1-11bc6f6544b6	0.62	FALSE	FALSE	near_mint	en	USD	2024-03-11T20:42:27.147Z
Linden, the Steadfast Queen	PLST	The List	ELD-20	normal	rare	2	82007	dfcb8e59-54e9-4e4d-8b21-e4371cbe3e77	0.4	FALSE	FALSE	near_mint	en	USD	2024-03-11T20:42:27.147Z
Kogla, the Titan Ape	PIKO	Ikoria: Lair of Behemoths Promos	162p	foil	rare	1	50553	2215abf3-d868-4d72-95fb-e7b611c1fa32		FALSE	FALSE	near_mint	en	USD	2024-03-11T20:42:27.147Z
Leinore, Autumn Sovereign	MIC	Midnight Hunt Commander	1	foil	mythic	1	62759	bd7e1645-ea8f-41c4-b3ee-58f44fc5c574	0.48	FALSE	FALSE	near_mint	en	USD	2024-03-11T20:55:37.847Z
King Darien XLVIII	DMU	Dominaria United	303	normal	rare	1	71708	b47698a3-f7eb-42e4-8246-b657f487a5df	0.48	FALSE	FALSE	near_mint	en	USD	2024-03-11T20:55:37.847Z
Odric, Lunarch Marshal	CMR	Commander Legends	379	normal	rare	1	56011	17b429bd-d7da-45f5-988b-7eed0d3efeaa	0.54	FALSE	FALSE	near_mint	en	USD	2024-03-11T20:55:37.847Z
Thalia, Guardian of Thraben	MUL	Multiverse Legends	7	normal	rare	1	81160	9716a5ff-f1ed-4285-a0a7-68114eeb1ba7	0.5	FALSE	FALSE	near_mint	en	USD	2024-03-11T20:55:37.847Z
Saryth, the Viper's Fang	MKC	Murders at Karlov Manor Commander	185	normal	rare	1	90424	8050afb7-3c16-4456-aa34-4cc999fac7f5	3.75	FALSE	FALSE	near_mint	en	USD	2024-03-11T20:55:37.847Z
Mikaeus, the Lunarch	CLB	Commander Legends: Battle for Baldur's Gate	700	normal	mythic	1	69557	6f18de2a-4aab-47a1-b162-6b8cf18e7bbf	0.79	FALSE	FALSE	near_mint	en	USD	2024-03-11T20:55:37.847Z
Mind Stone	C21	Commander 2021	251	normal	uncommon	3	58624	8c899cbd-cddd-43f9-a95d-a6e5af990362	0.28	FALSE	FALSE	near_mint	en	USD	2024-03-11T20:55:37.847Z
Smuggler's Share	MKC	Murders at Karlov Manor Commander	84	normal	rare	1	90585	f1ced678-5cfd-49ff-9420-6ee52d5edf5a	9.65	FALSE	FALSE	near_mint	en	USD	2024-03-11T20:55:37.847Z
Mentor of the Meek	ONC	Phyrexia: All Will Be One Commander	81	normal	rare	1	78457	2943fa5a-459b-4ceb-a479-c7d550809456	0.25	FALSE	FALSE	near_mint	en	USD	2024-03-11T20:55:37.847Z
Wrath of God	2XM	Double Masters	383	foil	rare	1	51979	a91be77a-bd5b-485f-b5ca-0e6148c236ca	3.86	FALSE	FALSE	near_mint	en	USD	2024-03-11T20:55:37.847Z
Settle the Wreckage	XLN	Ixalan	34	normal	rare	1	3978	9cbd346e-098a-4cf6-a72f-468376fd2e8f	2.4	FALSE	FALSE	near_mint	en	USD	2024-03-11T20:55:37.847Z
Unexplained Absence	MKC	Murders at Karlov Manor Commander	17	normal	rare	1	90414	78f526d3-1e1f-4430-9824-ad377fd0d312	0.4	FALSE	FALSE	near_mint	en	USD	2024-03-11T20:55:37.847Z
Swords to Plowshares	STA	Strixhaven Mystical Archive	10	normal	rare	1	58323	cc9ece2f-7eda-4fc5-a562-3e16e71560e9	7.94	FALSE	FALSE	near_mint	en	USD	2024-03-11T20:55:37.847Z
Path to Exile	MKC	Murders at Karlov Manor Commander	78	normal	uncommon	1	90254	08c59dfa-361d-4ff1-a15d-6b0cb66571a3	1.35	FALSE	FALSE	near_mint	en	USD	2024-03-11T20:55:37.847Z
Mother of Runes	CLB	Commander Legends: Battle for Baldur's Gate	702	normal	uncommon	1	69618	a5e19147-e459-43a6-8ef0-e37968a462e3	11.59	FALSE	FALSE	near_mint	en	USD	2024-03-11T20:55:37.847Z
Ascend from Avernus	CLB	Commander Legends: Battle for Baldur's Gate	554	normal	rare	1	69396	fe418c35-b0f1-4322-8ade-c5fe574de878	4.23	FALSE	FALSE	near_mint	en	USD	2024-03-11T20:55:37.847Z
Resourceful Defense	NCC	New Capenna Commander	19	normal	rare	1	68311	91f4dfc0-7478-4e47-89b4-685b72197ef0	1.53	FALSE	FALSE	near_mint	en	USD	2024-03-11T20:55:37.847Z
Odric's Outrider	MID	Innistrad: Midnight Hunt	29	normal	uncommon	1	63344	9016f837-cc19-43f1-adb9-96bdd3195407	0.18	FALSE	FALSE	near_mint	en	USD	2024-03-11T20:55:37.847Z
Luminarch Aspirant	NCC	New Capenna Commander	205	normal	rare	1	68430	dcd27fa3-f6b6-4137-9b6c-4cba7187664c	0.46	FALSE	FALSE	near_mint	en	USD	2024-03-11T20:55:37.847Z
Noble Heritage	CLB	Commander Legends: Battle for Baldur's Gate	478	etched	rare	1	68902	1f9d11a8-5e1f-41c3-a5a3-1ccd2a2782bb	0.5	FALSE	FALSE	near_mint	en	USD	2024-03-11T20:55:37.847Z
Tempered Veteran	M21	Core Set 2021	41	normal	uncommon	2	50771	3b43d7bc-173c-41eb-bba9-a9d94dcfc5fa	0.15	FALSE	FALSE	near_mint	en	USD	2024-03-11T20:55:37.847Z
Faramir, Field Commander	LTR	The Lord of the Rings: Tales of Middle-earth	14	normal	uncommon	4	82889	17c2250a-9af1-40de-9f09-7e8c7daec520	0.15	FALSE	FALSE	near_mint	en	USD	2024-03-11T20:55:37.847Z
Loran, Disciple of History	BRO	The Brothers' War	13	foil	uncommon	1	75655	9998f898-1f08-481b-8505-b890f0fec5e0	0.19	FALSE	FALSE	near_mint	en	USD	2024-03-11T20:55:37.847Z
Fynn, the Fangbearer	MUL	Multiverse Legends	26	normal	uncommon	3	81783	837e18d9-a5a6-4a0c-a604-9374d5b0dea4	0.15	FALSE	FALSE	near_mint	en	USD	2024-03-11T20:55:37.847Z
Asmira, Holy Avenger	MIR	Mirage	256	normal	rare	1	38334	a7d64600-84fc-42a5-a6a6-b26f98fac0a4	1.19	FALSE	FALSE	near_mint	en	USD	2024-03-11T20:55:37.847Z
Alharu, Solemn Ritualist	CMM	Commander Masters	8	normal	uncommon	1	84278	3fdf5020-ea97-4f95-a096-cb5688dad2e2	0.15	FALSE	FALSE	near_mint	en	USD	2024-03-11T20:55:37.847Z
Maja, Bretagard Protector	KHM	Kaldheim	222	normal	uncommon	2	57089	cc3707f1-ed9d-412e-a7be-b6d8b554bd6c	0.33	FALSE	FALSE	near_mint	en	USD	2024-03-11T20:55:37.847Z
Shanna, Sisay's Legacy	MUL	Multiverse Legends	59	normal	uncommon	7	81625	40c00370-0160-48a9-87ac-07a3b2bbd459	0.15	FALSE	FALSE	near_mint	en	USD	2024-03-11T20:55:37.847Z
Contraband Livestock	CLB	Commander Legends: Battle for Baldur's Gate	12	normal	uncommon	2	69319	d59299b0-91d9-4131-b8d9-614088e1ccaf	0.27	FALSE	FALSE	near_mint	en	USD	2024-03-11T20:55:37.847Z
Cut a Deal	CLB	Commander Legends: Battle for Baldur's Gate	14	normal	uncommon	2	68848	0d846a4d-da81-41e0-89a9-6685c821dbb4	0.41	FALSE	FALSE	near_mint	en	USD	2024-03-11T20:55:37.847Z
Patriar's Seal	CLB	Commander Legends: Battle for Baldur's Gate	332	normal	uncommon	1	68959	37f920f0-4dfc-477b-af7e-a17dfc9ba455	4.78	FALSE	FALSE	near_mint	en	USD	2024-03-11T20:55:37.847Z
Hedron Archive	C19	Commander 2019	214	normal	uncommon	1	45720	8c7d1fa1-e393-4eae-8c8e-449d5d253bbc	0.26	FALSE	FALSE	near_mint	en	USD	2024-03-11T20:55:37.847Z
Make a Stand	J22	Jumpstart 2022	211	normal	uncommon	2	76223	38d0d4a3-7ce9-4881-a94b-bac5cbbf4dc0	0.18	FALSE	FALSE	near_mint	en	USD	2024-03-11T20:55:37.847Z
Coppercoat Vanguard	MAT	March of the Machine: The Aftermath	1	normal	uncommon	1	82639	d786f05d-78a2-41b6-a185-111e8c1b216b	0.35	FALSE	FALSE	near_mint	en	USD	2024-03-11T20:55:37.847Z
Surge of Salvation	MOM	March of the Machine	41	normal	uncommon	3	81059	41d25ee5-0348-4206-bb6a-ccb0a599ac87	0.47	FALSE	FALSE	near_mint	en	USD	2024-03-11T20:55:37.847Z
Call a Surprise Witness	MKM	Murders at Karlov Manor	289	normal	uncommon	1	91277	e9e844d2-80de-4473-acd3-c39c1b11246f	0.15	FALSE	FALSE	near_mint	en	USD	2024-03-11T20:55:37.847Z
Elite Scaleguard	ZNC	Zendikar Rising Commander	14	normal	uncommon	1	55420	817002d2-1150-4769-b9de-f363b69ffb8a	0.15	FALSE	FALSE	near_mint	en	USD	2024-03-11T20:55:37.847Z
Abzan Falconer	2X2	Double Masters 2022	4	normal	uncommon	4	70545	db62ac2c-0d24-4d6f-a6ca-cca4371a3bd7	0.39	FALSE	FALSE	near_mint	en	USD	2024-03-11T20:55:37.847Z
Brave the Sands	KTK	Khans of Tarkir	5	normal	uncommon	1	13393	ef9c2b8a-148c-4393-b691-e333ad11c44e	3.99	FALSE	FALSE	near_mint	en	USD	2024-03-11T20:55:37.847Z
Intangible Virtue	ONC	Phyrexia: All Will Be One Commander	77	normal	uncommon	1	78754	a6fb8bdc-5de0-4d08-9bf4-05028b7bddca	0.25	FALSE	FALSE	near_mint	en	USD	2024-03-11T20:55:37.847Z
Inspiring Leader	CLB	Commander Legends: Battle for Baldur's Gate	28	normal	uncommon	3	69393	fc6eb9f3-0f7b-4623-806e-5e604a05d470	0.38	FALSE	FALSE	near_mint	en	USD	2024-03-11T20:55:37.847Z
Serra Redeemer	DMU	Dominaria United	282	normal	rare	1	71675	a8b9cb5c-29f2-46ed-803e-c2170955217c	0.25	FALSE	FALSE	near_mint	en	USD	2024-03-11T20:55:37.847Z
Horn of Gondor	LTR	The Lord of the Rings: Tales of Middle-earth	240	normal	rare	1	83400	b14eaeec-d7ce-462a-90d3-2ae5ff605fdb	2.2	FALSE	FALSE	near_mint	en	USD	2024-03-11T20:55:37.847Z
Sevinne's Reclamation	CLB	Commander Legends: Battle for Baldur's Gate	707	normal	rare	1	69498	458db878-07ba-42cc-9bee-910957685596	0.56	FALSE	FALSE	near_mint	en	USD	2024-03-11T20:55:37.847Z
Otherworldly Escort	MKC	Murders at Karlov Manor Commander	12	normal	rare	1	90492	b50bfde2-6c2d-403e-ab47-c932bcb2116d	0.17	FALSE	FALSE	near_mint	en	USD	2024-03-11T20:55:37.847Z
Tenth District Hero	MKM	Murders at Karlov Manor	391	normal	rare	1	91088	a2adffd5-ddc1-41ef-9442-2fbc17153f3d	0.2	FALSE	FALSE	near_mint	en	USD	2024-03-11T20:55:37.847Z
Unbreakable Formation	RVR	Ravnica Remastered	32	normal	rare	1	89534	06e1cc7b-9319-4f6f-88ee-2e6b6d2efbc6	0.79	FALSE	FALSE	near_mint	en	USD	2024-03-11T20:55:37.847Z
Oblation	C21	Commander 2021	97	normal	rare	1	58711	dcfdea72-4736-4442-987b-173f6885528a	0.54	FALSE	FALSE	near_mint	en	USD	2024-03-11T20:55:37.847Z
Staff of the Storyteller	ONC	Phyrexia: All Will Be One Commander	10	normal	rare	1	78767	ab1d1461-1625-4163-aacd-a939f4871fad	3.66	FALSE	FALSE	near_mint	en	USD	2024-03-11T20:55:37.847Z
Monologue Tax	C21	Commander 2021	19	normal	rare	1	58723	e9449f23-6a14-453b-8bb6-5cf85ed7a851	6.11	FALSE	FALSE	near_mint	en	USD	2024-03-11T20:55:37.847Z
Nyx Lotus	PTHB	Theros Beyond Death Promos	235p	foil	rare	2	47098	ddcb97d4-aa2d-43cc-aa21-7f8a8d54fafd	6.5	FALSE	FALSE	near_mint	en	USD	2024-03-11T20:55:37.847Z
Assemble the Players	MKM	Murders at Karlov Manor	3	foil	rare	1	91313	f5bcb21a-8559-4791-8cd0-482e7b8dcfd2	0.4	FALSE	FALSE	near_mint	en	USD	2024-03-11T20:55:37.847Z
Together Forever	ZNC	Zendikar Rising Commander	22	normal	rare	1	55337	0ee24937-a282-4cf4-8daa-114e68285094	0.24	FALSE	FALSE	near_mint	en	USD	2024-03-11T20:55:37.847Z
Invoke Justice	NEO	Kamigawa: Neon Dynasty	21	normal	rare	1	66523	3a598ab6-3254-49fe-b69f-e7c759129599	0.3	FALSE	FALSE	near_mint	en	USD	2024-03-11T20:55:37.847Z
Stalwart Pathlighter	MIC	Midnight Hunt Commander	9	normal	rare	1	63659	a5bf9336-80d6-4751-9630-1d28e24cc0cf	0.28	FALSE	FALSE	near_mint	en	USD	2024-03-11T20:55:37.847Z
Sevinne's Reclamation	MKC	Murders at Karlov Manor Commander	83	normal	rare	1	90343	475cd448-5d28-40a4-8f68-0b29696e6ec0	0.5	FALSE	FALSE	near_mint	en	USD	2024-03-11T20:55:37.847Z
Revivify	AFC	Forgotten Realms Commander	10	normal	rare	1	60548	6d21fb27-e821-4ce1-8f34-fc5d6c69d779	1.9	FALSE	FALSE	near_mint	en	USD	2024-03-11T20:55:37.847Z
Thalia's Lieutenant	SOI	Shadows over Innistrad	43	normal	rare	1	8953	fe162594-2332-4816-a9e1-57eb19b12651	0.79	FALSE	FALSE	near_mint	en	USD	2024-03-11T20:55:37.847Z
Sigarda's Summons	VOW	Innistrad: Crimson Vow	36	normal	rare	1	64349	a27f647a-d48e-4f53-ae5b-64c76f4fc745	0.33	FALSE	FALSE	near_mint	en	USD	2024-03-11T20:55:37.847Z
Siege Veteran	BRO	The Brothers' War	25	normal	rare	1	75896	f57e2a32-6e52-4f6e-96ec-55f5b7ba77e0	0.43	FALSE	FALSE	near_mint	en	USD	2024-03-11T20:55:37.847Z
Austere Command	CLB	Commander Legends: Battle for Baldur's Gate	687	normal	rare	1	69481	3d24036e-075f-4991-a740-a9d943722ad2	0.52	FALSE	FALSE	near_mint	en	USD	2024-03-11T20:55:37.847Z
Dusk // Dawn	CLB	Commander Legends: Battle for Baldur's Gate	691	normal	rare	1	69713	f295b713-1d6a-43fd-910d-fb35414bf58a	0.4	FALSE	FALSE	near_mint	en	USD	2024-03-11T20:55:37.847Z
Get Lost	LCI	The Lost Caverns of Ixalan	14	normal	rare	1	88497	522aa72b-2b8c-484c-872b-f082101cee35	3.99	FALSE	FALSE	near_mint	en	USD	2024-03-11T20:55:37.847Z
Jugan Defends the Temple // Remnant of the Rising Star	NEO	Kamigawa: Neon Dynasty	194	normal	mythic	1	66769	a22b5f27-f9e7-49e1-8e96-dc5d8e7fbe27	1.46	FALSE	FALSE	near_mint	en	USD	2024-03-11T20:55:37.847Z
Slippery Bogbonder	NCC	New Capenna Commander	312	normal	rare	1	68483	f9fc4f93-398c-4d11-a393-dd35e16ac1cc	4.64	FALSE	FALSE	near_mint	en	USD	2024-03-11T20:55:37.847Z
Intrepid Paleontologist	LCI	The Lost Caverns of Ixalan	193	normal	rare	1	88661	871a164a-0fe6-480e-a1be-cbffce884bd3	0.5	FALSE	FALSE	near_mint	en	USD	2024-03-11T20:55:37.847Z
Park Heights Maverick	NCC	New Capenna Commander	63	normal	rare	1	68477	f2ecac25-c187-40c6-af50-e7ce0ff9e921	0.5	FALSE	FALSE	near_mint	en	USD	2024-03-11T20:55:37.847Z
The First Iroan Games	THB	Theros Beyond Death	170	normal	rare	1	46892	4b05ada5-8e5f-4158-bd28-e6c24e4a2299	0.49	FALSE	FALSE	near_mint	en	USD	2024-03-11T20:55:37.847Z
Raised by Giants	CLB	Commander Legends: Battle for Baldur's Gate	520	etched	rare	2	69333	dc9caae7-fb67-42bf-bee0-b935a1b88d79	0.54	FALSE	FALSE	near_mint	en	USD	2024-03-11T20:55:37.847Z
Sigardian Zealot	MIC	Midnight Hunt Commander	29	normal	rare	1	63649	98adcc86-debd-4aa8-86e5-c51ec08dab5a	0.15	FALSE	FALSE	near_mint	en	USD	2024-03-11T20:55:37.847Z
Ascendant Acolyte	NEC	Neon Dynasty Commander	24	normal	rare	1	66946	918a9e38-29ec-4279-8cf6-f01141497cab	0.35	FALSE	FALSE	near_mint	en	USD	2024-03-11T20:55:37.847Z
Bounty Agent	GRN	Guilds of Ravnica	2	normal	rare	1	481	6e938121-5917-4b67-9014-74fca106a471	0.43	FALSE	FALSE	near_mint	en	USD	2024-03-11T20:55:37.847Z
Rally the Ranks	KHM	Kaldheim	20	normal	rare	2	56735	03595195-3be2-4d18-b5c0-43b2dcc1c0f5	0.41	FALSE	FALSE	near_mint	en	USD	2024-03-11T20:55:37.847Z
Wilt-Leaf Liege	2X2	Double Masters 2022	294	normal	rare	2	70201	4928cb86-6971-458b-ad74-1b39c0e1c177	0.5	FALSE	FALSE	near_mint	en	USD	2024-03-11T20:55:37.847Z
Champion of Lambholt	NEC	Neon Dynasty Commander	115	normal	rare	1	67088	f37f3696-a780-4203-8ae9-06e14235066b	2.97	FALSE	FALSE	near_mint	en	USD	2024-03-11T20:55:37.847Z
Heron's Grace Champion	MIC	Midnight Hunt Commander	152	normal	rare	1	63703	e7fdd5a8-226a-4fe7-8b7f-41c5a06abaad	0.15	FALSE	FALSE	near_mint	en	USD	2024-03-11T20:55:37.847Z
Moorland Rescuer	MIC	Midnight Hunt Commander	7	normal	rare	1	63551	0c293b8c-3ebc-4d14-b0a6-5e41d966cba1	0.34	FALSE	FALSE	near_mint	en	USD	2024-03-11T20:55:37.847Z
Shamanic Revelation	AFC	Forgotten Realms Commander	171	normal	rare	1	60643	22d99567-8b8a-45cf-85f9-233e97256194	0.77	FALSE	FALSE	near_mint	en	USD	2024-03-11T20:55:37.847Z
Glorious Sunrise	VOW	Innistrad: Crimson Vow	200	normal	rare	3	64350	a2caf73e-c3eb-4fa8-996a-d3d18b2ffaeb	2.01	FALSE	FALSE	near_mint	en	USD	2024-03-11T20:55:37.847Z
Robaran Mercenaries	DMC	Dominaria United Commander	22	normal	rare	1	71362	32e9a83f-be4b-4116-8e0d-61c159286ae0	0.26	FALSE	FALSE	near_mint	en	USD	2024-03-11T20:55:37.847Z
Call the Coppercoats	ONC	Phyrexia: All Will Be One Commander	60	normal	rare	1	78420	17844223-f9fb-4cd8-ba8e-d1db07e5ba55	6.56	FALSE	FALSE	near_mint	en	USD	2024-03-11T20:55:37.847Z
Pentarch Paladin	PLST	The List	TSP-32	normal	rare	1	69951	f972a34e-f0d8-45b8-93cc-506fe235aa0f	0.35	FALSE	FALSE	near_mint	en	USD	2024-03-11T20:55:37.847Z
Defiler of Faith	DMU	Dominaria United	16	foil	rare	1	71345	2cfe404d-1a27-4627-9284-56188d92d5d5	0.38	FALSE	FALSE	near_mint	en	USD	2024-03-11T20:55:37.847Z
Speaker of the Heavens	M21	Core Set 2021	38	normal	rare	1	50730	1f44b96a-8498-414a-a4ac-54c80dfa9f23	0.82	FALSE	FALSE	near_mint	en	USD	2024-03-11T20:55:37.847Z
Knight of the White Orchid	MIC	Midnight Hunt Commander	88	normal	rare	1	63571	27234c73-c725-4157-9d01-762e584bcc71	2.49	FALSE	FALSE	near_mint	en	USD	2024-03-11T20:55:37.847Z
Lovestruck Beast // Heart's Desire	ELD	Throne of Eldraine	299	normal	rare	1	46008	341110e5-577d-45ee-bf62-53373a331c87	0.33	FALSE	FALSE	near_mint	en	USD	2024-03-11T20:55:37.847Z
Spellbook Vendor	WOE	Wilds of Eldraine	31	foil	rare	1	85384	4ceac5b5-05eb-4f00-9477-3db490be24dd	0.51	FALSE	FALSE	near_mint	en	USD	2024-03-11T20:55:37.847Z
Sylvan Anthem	MH2	Modern Horizons 2	176	normal	rare	1	59715	a119edc2-9e0f-43d1-a13d-25827f86e3e3	0.95	FALSE	FALSE	near_mint	en	USD	2024-03-11T20:55:37.847Z
Riders of Gavony	MIC	Midnight Hunt Commander	93	normal	rare	1	63580	3586c558-fb74-41ba-9ce0-0269154a9205	0.15	FALSE	FALSE	near_mint	en	USD	2024-03-11T20:55:37.847Z
Commander's Insignia	C19	Commander 2019	2	normal	rare	1	45932	44cccb23-a515-4e49-b4ae-a12d81f7d6ef	0.19	FALSE	FALSE	near_mint	en	USD	2024-03-11T20:55:37.847Z
Rite of Harmony	MID	Innistrad: Midnight Hunt	236	normal	rare	1	63486	eb1a16f9-13d4-4188-8e1e-0f2394349c7a	0.5	FALSE	FALSE	near_mint	en	USD	2024-03-11T20:55:37.847Z
Doomskar Warrior	MOM	March of the Machine	185	normal	rare	2	81191	aa1db4e3-e98c-49af-8682-3b7aa20bc31e	0.35	FALSE	FALSE	near_mint	en	USD	2024-03-11T20:55:37.847Z
Evolutionary Leap	NCC	New Capenna Commander	288	normal	rare	1	68212	4d007d3c-3356-4394-9bcd-2b2c1031c20b	1.48	FALSE	FALSE	near_mint	en	USD	2024-03-11T20:55:37.847Z
Champion of Lambholt	MIC	Midnight Hunt Commander	136	normal	rare	1	63542	0209078f-58cf-4584-9fff-95220bc865f5	2.56	FALSE	FALSE	near_mint	en	USD	2024-03-11T20:55:37.847Z
Second Harvest	C19	Commander 2019	178	normal	rare	1	45756	22b01c98-c24b-4255-921f-4820f3d395ea	1.72	FALSE	FALSE	near_mint	en	USD	2024-03-11T20:55:37.847Z
Sudden Salvation	VOC	Crimson Vow Commander	10	normal	rare	1	64649	ded1c959-454c-4336-8eb5-0160c49d895d	0.19	FALSE	FALSE	near_mint	en	USD	2024-03-11T20:55:37.847Z
Tribute to the World Tree	MOM	March of the Machine	211	normal	rare	1	81215	c0cdeaba-fc21-44e6-bf99-aa1ff379401b	12.74	FALSE	FALSE	near_mint	en	USD	2024-03-11T20:55:37.847Z
Champion of the Parish	DDQ	Duel Decks: Blessed vs. Cursed	4	normal	rare	1	9179	ec2120ff-a6d4-4192-96c0-33c139155ddf	0.78	FALSE	FALSE	near_mint	en	USD	2024-03-11T20:55:37.847Z
The Ring Goes South	LTR	The Lord of the Rings: Tales of Middle-earth	186	normal	rare	2	83010	3c8a4c7d-527c-49ea-a115-a9e747c0fd03	0.35	FALSE	FALSE	near_mint	en	USD	2024-03-11T20:55:37.847Z
Celebrate the Harvest	MIC	Midnight Hunt Commander	24	normal	rare	1	63623	70432583-33c1-4d1a-bb94-765f6d71fed3	0.22	FALSE	FALSE	near_mint	en	USD	2024-03-11T20:55:37.847Z
Horn of the Mark	LTR	The Lord of the Rings: Tales of Middle-earth	241	normal	rare	1	83572	dd86b71f-d736-426f-bf15-013bc8da1a08	0.25	FALSE	FALSE	near_mint	en	USD	2024-03-11T20:55:37.847Z
Case of the Locked Hothouse	MKM	Murders at Karlov Manor	155	normal	rare	3	90640	0929a1bd-e35c-4ca5-8c8c-dd304cf4b830	2.69	FALSE	FALSE	near_mint	en	USD	2024-03-11T20:55:37.847Z
Pyre of Heroes	KHM	Kaldheim	241	normal	rare	1	57038	ae9a8e44-f5de-497d-be48-adf1bcbaec97	1.96	FALSE	FALSE	near_mint	en	USD	2024-03-11T20:55:37.847Z
Folk Hero	CLB	Commander Legends: Battle for Baldur's Gate	650	foil	mythic	1	69622	a8b3aae8-fc36-45ed-84ed-efb8f543cada	7.82	FALSE	FALSE	near_mint	en	USD	2024-03-11T20:55:37.847Z
Warden of the Inner Sky	LCI	The Lost Caverns of Ixalan	43	normal	rare	1	88503	549fd992-ed37-431d-97cb-9ca017db1d47	0.15	FALSE	FALSE	near_mint	en	USD	2024-03-11T20:55:37.847Z
Hopeful Initiate	VOW	Innistrad: Crimson Vow	20	normal	rare	2	64460	ec1b3fd1-952a-4bc6-9b31-bd9bd13072f5	0.37	FALSE	FALSE	near_mint	en	USD	2024-03-11T20:55:37.847Z
Odric, Master Tactician	PLST	The List	M13-23	normal	rare	1	64924	abb21456-20a3-4c76-96e7-39ee9aa22385	0.38	FALSE	FALSE	near_mint	en	USD	2024-03-11T20:55:37.847Z
Avenging Huntbonder	NCC	New Capenna Commander	194	normal	rare	1	68109	05e201fa-fdd3-45bf-89a2-dae8c896aa28	0.22	FALSE	FALSE	near_mint	en	USD	2024-03-11T20:55:37.847Z
Augur of Autumn	MID	Innistrad: Midnight Hunt	168	normal	rare	1	63289	6aa98767-ae27-4cf0-98ea-93e659f160f4	0.48	FALSE	FALSE	near_mint	en	USD	2024-03-11T20:55:37.847Z
Knight-Errant of Eos	MOM	March of the Machine	26	normal	rare	2	81193	ab2ad652-2406-491a-9f22-23e974f943d7	0.38	FALSE	FALSE	near_mint	en	USD	2024-03-11T20:55:37.847Z
Kayla's Reconstruction	BRO	The Brothers' War	10	normal	rare	2	75360	2bb84e72-0231-461a-a230-d8afa6e54289	0.25	FALSE	FALSE	near_mint	en	USD	2024-03-11T20:55:37.847Z
Lifecrafter's Bestiary	NCC	New Capenna Commander	370	normal	rare	1	68204	457d1102-9ba7-47d1-bced-cc8a28e38ad9	0.35	FALSE	FALSE	near_mint	en	USD	2024-03-11T20:55:37.847Z
Ollenbock Escort	VOW	Innistrad: Crimson Vow	27	normal	uncommon	2	64477	f7a659bf-9d85-4011-980e-c3a8dc4513e9	0.18	FALSE	FALSE	near_mint	en	USD	2024-03-11T20:55:37.847Z
Relic of Legends	DMU	Dominaria United	236	normal	uncommon	2	71498	64a2809e-c441-416c-90ff-6fb1e246dff3	2.08	FALSE	FALSE	near_mint	en	USD	2024-03-11T20:55:37.847Z
Anguished Unmaking	PIP	Fallout	209	normal	rare	1	91984	272e0f42-a881-4ee2-94a5-2c740863aa74	1.75	FALSE	FALSE	near_mint	en	USD	2024-03-11T21:23:02.431Z
Aradesh, the Founder	PIP	Fallout	9	normal	rare	1	92258	6701dae4-348e-40f6-9db4-d6f0039be831	0.16	FALSE	FALSE	near_mint	en	USD	2024-03-11T21:23:02.431Z
Assemble the Legion	PIP	Fallout	210	normal	rare	1	92482	95c04498-91cf-42d2-a349-44df4d022746	0.29	FALSE	FALSE	near_mint	en	USD	2024-03-11T21:23:02.431Z
Bastion of Remembrance	PIP	Fallout	182	normal	uncommon	1	92543	a2e2c839-4f55-482c-baaa-aa8f7c8e9b7d	0.2	FALSE	FALSE	near_mint	en	USD	2024-03-11T21:23:02.431Z
Battle of Hoover Dam	PIP	Fallout	11	normal	rare	1	92200	59c0f13a-4e83-4e0b-a790-1f78b5ee6a64	0.18	FALSE	FALSE	near_mint	en	USD	2024-03-11T21:23:02.431Z
Black Market	PIP	Fallout	183	normal	rare	1	91985	275b4c56-e17e-49ec-8946-0e95a4bfa1ae	4.69	FALSE	FALSE	near_mint	en	USD	2024-03-11T21:23:02.431Z
Boomer Scrapper	PIP	Fallout	95	normal	rare	1	91916	193d0316-9b94-4ccb-9103-509e6a0963a1	0.15	FALSE	FALSE	near_mint	en	USD	2024-03-11T21:23:02.431Z
Butch DeLoria, Tunnel Snake	PIP	Fallout	43	normal	uncommon	1	92748	d6ed508c-ff2c-444c-8149-34b29e2fbebe	0.32	FALSE	FALSE	near_mint	en	USD	2024-03-11T21:23:02.431Z
Caesar, Legion's Emperor	PIP	Fallout	1	foil	mythic	1	91969	246a7176-98bc-4f54-aa61-38747420f178	5.9	FALSE	FALSE	near_mint	en	USD	2024-03-11T21:23:02.431Z
Canyon Slough	PIP	Fallout	256	normal	rare	1	92015	2e8c66f9-64af-48aa-b24b-3ef76596378a	0.15	FALSE	FALSE	near_mint	en	USD	2024-03-11T21:23:02.431Z
Captain of the Watch	PIP	Fallout	157	normal	rare	1	92469	936e77d4-ab74-4123-9225-879493e5ad79	0.25	FALSE	FALSE	near_mint	en	USD	2024-03-11T21:23:02.431Z
Charisma Bobblehead	PIP	Fallout	130	normal	uncommon	1	92048	35f61330-869f-448c-8374-1cbac7c23454	1.5	FALSE	FALSE	near_mint	en	USD	2024-03-11T21:23:02.431Z
Colonel Autumn	PIP	Fallout	98	normal	rare	1	92692	ca0c3e5a-64f3-40b5-8080-1c53be45aa40	0.2	FALSE	FALSE	near_mint	en	USD	2024-03-11T21:23:02.431Z
Craig Boone, Novac Guard	PIP	Fallout	100	normal	uncommon	1	92248	63d83dad-21c3-4777-84b0-3c775585b5fd	0.17	FALSE	FALSE	near_mint	en	USD	2024-03-11T21:23:02.431Z
Deadly Dispute	PIP	Fallout	184	normal	common	1	92858	f1ee1e37-bde7-4208-8851-718f2ae1c540	0.47	FALSE	FALSE	near_mint	en	USD	2024-03-11T21:23:02.431Z
Desdemona, Freedom's Edge	PIP	Fallout	101	normal	rare	1	92707	cc38d445-1752-4921-bb83-5afcdf655015	0.15	FALSE	FALSE	near_mint	en	USD	2024-03-11T21:23:02.431Z
Desolate Mire	PIP	Fallout	146	normal	rare	1	91837	05f38637-8cdc-42bb-b164-85596b6b14b9	0.25	FALSE	FALSE	near_mint	en	USD	2024-03-11T21:23:02.431Z
Diamond City	PIP	Fallout	147	normal	rare	1	92085	3e9bd49a-e9f1-4543-b04a-777a9e5a55ec	3.25	FALSE	FALSE	near_mint	en	USD	2024-03-11T21:23:02.431Z
Dragonskull Summit	PIP	Fallout	261	normal	rare	1	91857	09ed078f-74b4-4ae8-9b2f-6b7b629fff1f	0.62	FALSE	FALSE	near_mint	en	USD	2024-03-11T21:23:02.431Z
ED-E, Lonesome Eyebot	PIP	Fallout	131	normal	rare	1	92601	b319f0e1-6f18-4fea-9f72-a21da5513aa4	0.15	FALSE	FALSE	near_mint	en	USD	2024-03-11T21:23:02.431Z
Elder Arthur Maxson	PIP	Fallout	102	normal	rare	1	91831	049771b0-69ad-4f2d-8567-47e8a87b4496	0.3	FALSE	FALSE	near_mint	en	USD	2024-03-11T21:23:02.431Z
Entrapment Maneuver	PIP	Fallout	160	normal	rare	1	91981	2707cc0c-20ea-4241-b0b0-7000a713fb63	0.3	FALSE	FALSE	near_mint	en	USD	2024-03-11T21:23:02.431Z
Fervent Charge	PIP	Fallout	215	normal	rare	1	92780	dd2a0286-a16d-4e48-a295-da8232ddc9c7	0.59	FALSE	FALSE	near_mint	en	USD	2024-03-11T21:23:02.431Z
Gary Clone	PIP	Fallout	16	normal	uncommon	1	92550	a45346ac-54a9-4fda-bde7-92ff75ac34f7	0.27	FALSE	FALSE	near_mint	en	USD	2024-03-11T21:23:02.431Z
General's Enforcer	PIP	Fallout	217	normal	uncommon	1	92260	682373ca-d358-4a21-8cbe-4a41d8636b42	0.31	FALSE	FALSE	near_mint	en	USD	2024-03-11T21:23:02.431Z
Heroic Reinforcements	PIP	Fallout	218	normal	uncommon	1	92459	912a87f7-208d-4312-ba37-7a844b9c89ab	0.15	FALSE	FALSE	near_mint	en	USD	2024-03-11T21:23:02.431Z
Hour of Reckoning	PIP	Fallout	161	normal	rare	1	92695	ca614808-4e09-4839-ae80-7c3ea6cf61fd	0.16	FALSE	FALSE	near_mint	en	USD	2024-03-11T21:23:02.431Z
Impassioned Orator	PIP	Fallout	162	normal	common	1	92194	574c3028-c942-4257-a825-c25318915593	0.28	FALSE	FALSE	near_mint	en	USD	2024-03-11T21:23:02.431Z
Intangible Virtue	PIP	Fallout	163	normal	uncommon	1	92368	805c99f1-ab4d-4072-a8b7-7e2818adbc97	0.2	FALSE	FALSE	near_mint	en	USD	2024-03-11T21:23:02.431Z
Isolated Chapel	PIP	Fallout	269	normal	rare	1	92055	377487dd-d72a-4169-bfe1-29e36c3e3d1f	0.32	FALSE	FALSE	near_mint	en	USD	2024-03-11T21:23:02.431Z
Keeper of the Accord	PIP	Fallout	164	normal	rare	1	92051	367dad7f-774a-47c2-892b-b3952dbed683	0.52	FALSE	FALSE	near_mint	en	USD	2024-03-11T21:23:02.431Z
Kellogg, Dangerous Mind	PIP	Fallout	106	normal	rare	1	92862	f2b22b32-be24-48e3-aa81-9256190df02c	4.62	FALSE	FALSE	near_mint	en	USD	2024-03-11T21:23:02.431Z
Legate Lanius, Caesar's Ace	PIP	Fallout	107	normal	uncommon	1	92854	f14eb369-b8e3-4abf-9e77-79d1fe5b426f	0.3	FALSE	FALSE	near_mint	en	USD	2024-03-11T21:23:02.431Z
Lethal Scheme	PIP	Fallout	185	normal	rare	1	91922	1b2c44f7-7b54-4cdf-8f53-ab78c515795b	0.18	FALSE	FALSE	near_mint	en	USD	2024-03-11T21:23:02.431Z
Luck Bobblehead	PIP	Fallout	135	normal	uncommon	1	91894	13281945-47ff-464d-96ef-9b26ef6783fa	2.71	FALSE	FALSE	near_mint	en	USD	2024-03-11T21:23:02.431Z
MacCready, Lamplight Mayor	PIP	Fallout	108	normal	rare	1	91871	0d2251ce-2d5b-4d0d-8dc9-44f6b40aa7cf	4.95	FALSE	FALSE	near_mint	en	USD	2024-03-11T21:23:02.431Z
Marshal's Anthem	PIP	Fallout	166	normal	rare	1	92493	98cea75f-f2b0-47f3-a40b-ee43a6132ead	0.15	FALSE	FALSE	near_mint	en	USD	2024-03-11T21:23:02.431Z
Martial Coup	PIP	Fallout	167	normal	rare	1	92343	7a3f7f71-625a-46ec-bce8-6bd934f2a275	0.2	FALSE	FALSE	near_mint	en	USD	2024-03-11T21:23:02.431Z
Memorial to Glory	PIP	Fallout	271	normal	uncommon	1	92896	fb3cc476-3d5b-42d3-afe2-54c639770181	0.15	FALSE	FALSE	near_mint	en	USD	2024-03-11T21:23:02.431Z
Morbid Opportunist	PIP	Fallout	186	normal	uncommon	1	92307	7357386d-7ede-449f-bd30-b19a08921d86	0.25	FALSE	FALSE	near_mint	en	USD	2024-03-11T21:23:02.431Z
Mr. House, President and CEO	PIP	Fallout	7	foil	mythic	1	91967	23eb3cf7-c90d-4bfa-b125-4fbcb5614468	0.99	FALSE	FALSE	near_mint	en	USD	2024-03-11T21:23:02.431Z
Mysterious Stranger	PIP	Fallout	63	normal	rare	1	91840	063ca0fa-1947-48da-86f9-76dd00dfb550	0.15	FALSE	FALSE	near_mint	en	USD	2024-03-11T21:23:02.431Z
Nomad Outpost	PIP	Fallout	277	normal	uncommon	1	92583	ad17aa04-dbd8-4d49-898c-bf0a64cdb827	0.25	FALSE	FALSE	near_mint	en	USD	2024-03-11T21:23:02.431Z
Overseer of Vault 76	PIP	Fallout	19	normal	rare	1	92046	35848917-d658-4c3b-b675-4f0185f76dc4	0.15	FALSE	FALSE	near_mint	en	USD	2024-03-11T21:23:02.431Z
Paladin Elizabeth Taggerdy	PIP	Fallout	114	normal	rare	1	92538	a24fd14b-cfd1-43db-b155-3187a1063d92	0.17	FALSE	FALSE	near_mint	en	USD	2024-03-11T21:23:02.431Z
Pitiless Plunderer	PIP	Fallout	187	normal	uncommon	1	92121	47255b76-2c77-4e94-938d-b9d3497798ec	3.19	FALSE	FALSE	near_mint	en	USD	2024-03-11T21:23:02.431Z
Powder Ganger	PIP	Fallout	65	normal	rare	1	92350	7bb57c73-a454-450d-9db9-67501bf4559d	0.15	FALSE	FALSE	near_mint	en	USD	2024-03-11T21:23:02.431Z
Rose, Cutthroat Raider	PIP	Fallout	66	normal	rare	1	92885	f803a510-99fe-467a-be3b-9301497ec7ec	2.25	FALSE	FALSE	near_mint	en	USD	2024-03-11T21:23:02.431Z
Ruinous Ultimatum	PIP	Fallout	220	normal	rare	1	92452	8fe3d5d4-7fa3-47ba-9963-23814bce063d	1.07	FALSE	FALSE	near_mint	en	USD	2024-03-11T21:23:02.431Z
Ruthless Radrat	PIP	Fallout	48	normal	uncommon	1	92551	a4542e34-2905-41ce-9182-a432c8f2c451	0.24	FALSE	FALSE	near_mint	en	USD	2024-03-11T21:23:02.431Z
Secure the Wastes	PIP	Fallout	171	normal	rare	1	92488	97649f03-262c-485d-8cb4-75cc4f65ec53	3.64	FALSE	FALSE	near_mint	en	USD	2024-03-11T21:23:02.431Z
Securitron Squadron	PIP	Fallout	23	normal	rare	1	92609	b689a206-aec3-4a31-95cf-3d4b840db04c	1.47	FALSE	FALSE	near_mint	en	USD	2024-03-11T21:23:02.431Z
Shadowblood Ridge	PIP	Fallout	288	normal	rare	1	92913	ff02d5d2-2f71-4b93-a0c5-5964ec08524f	0.26	FALSE	FALSE	near_mint	en	USD	2024-03-11T21:23:02.431Z
Sierra, Nuka's Biggest Fan	PIP	Fallout	25	normal	rare	1	92249	641dd97c-6577-4cab-8672-56f870477961	0.31	FALSE	FALSE	near_mint	en	USD	2024-03-11T21:23:02.431Z
Skullclamp	PIP	Fallout	238	normal	uncommon	1	92295	7160f5f0-8ab8-4ec1-a84c-cfe49cb43b8d	6.6	FALSE	FALSE	near_mint	en	USD	2024-03-11T21:23:02.431Z
Smoldering Marsh	PIP	Fallout	292	normal	rare	1	92190	567e219b-2961-4f02-9be0-7776210b62b0	0.25	FALSE	FALSE	near_mint	en	USD	2024-03-11T21:23:02.431Z
Stolen Strategy	PIP	Fallout	192	normal	rare	1	92097	40f0adad-207a-4504-9636-75f7ccb5b60c	0.19	FALSE	FALSE	near_mint	en	USD	2024-03-11T21:23:02.431Z
Survivor's Med Kit	PIP	Fallout	144	normal	uncommon	1	92544	a2f30a39-aad3-45da-8f03-50b1d1806b00	0.17	FALSE	FALSE	near_mint	en	USD	2024-03-11T21:23:02.431Z
Tainted Field	PIP	Fallout	298	normal	uncommon	1	92005	2c46db1a-7066-47bd-a033-cc55f9b4004e	0.3	FALSE	FALSE	near_mint	en	USD	2024-03-11T21:23:02.431Z
Tainted Peak	PIP	Fallout	300	normal	uncommon	1	92728	d1374839-bdef-4e55-a7bc-906340439605	0.91	FALSE	FALSE	near_mint	en	USD	2024-03-11T21:23:02.431Z
Talisman of Hierarchy	PIP	Fallout	247	normal	uncommon	1	92507	9b55b6cb-820c-4782-9f63-e04fe46e02d2	0.72	FALSE	FALSE	near_mint	en	USD	2024-03-11T21:23:02.431Z
Talisman of Indulgence	PIP	Fallout	248	normal	uncommon	1	91883	113410ff-d25e-4f25-a6c2-236bcf4c8486	2.87	FALSE	FALSE	near_mint	en	USD	2024-03-11T21:23:02.431Z
Temple of Malice	PIP	Fallout	307	normal	rare	1	92283	6ccf18ae-ca47-46b0-85c2-235e75d5b42b	0.25	FALSE	FALSE	near_mint	en	USD	2024-03-11T21:23:02.431Z
Temple of Silence	PIP	Fallout	310	normal	rare	1	92518	9e014eb8-e325-40f7-9ac8-d53508c88925	0.2	FALSE	FALSE	near_mint	en	USD	2024-03-11T21:23:02.431Z
The Nipton Lottery	PIP	Fallout	113	normal	rare	1	92530	a0abd847-1c9d-45cd-a6d1-3a0cda3687cb	0.18	FALSE	FALSE	near_mint	en	USD	2024-03-11T21:23:02.431Z
Thrill-Kill Disciple	PIP	Fallout	68	normal	rare	1	92186	5628e781-9f12-49ed-a575-6b467d39510b	0.15	FALSE	FALSE	near_mint	en	USD	2024-03-11T21:23:02.431Z
V.A.T.S.	PIP	Fallout	50	normal	rare	1	92164	512df222-0db0-4b24-9372-d0c01b181b91	1.38	FALSE	FALSE	near_mint	en	USD	2024-03-11T21:23:02.431Z
Vault 11: Voter's Dilemma	PIP	Fallout	121	normal	rare	1	92142	4bafcd4e-5693-4c23-be79-75653fcd214c	0.2	FALSE	FALSE	near_mint	en	USD	2024-03-11T21:23:02.431Z
Vault 75: Middle School	PIP	Fallout	27	normal	rare	1	92061	3992e262-0491-4379-b74b-13cc8b63065e	0.15	FALSE	FALSE	near_mint	en	USD	2024-03-11T21:23:02.431Z
Wasteland Raider	PIP	Fallout	52	normal	rare	1	92522	9eae2596-013a-4e9b-982b-e0fc8d1e78bf	0.76	FALSE	FALSE	near_mint	en	USD	2024-03-11T21:23:02.431Z
Wear // Tear	PIP	Fallout	222	normal	uncommon	1	92105	427d7eab-24e3-41de-8444-d9a2c96f526f	1.27	FALSE	FALSE	near_mint	en	USD	2024-03-11T21:23:02.431Z
White Glove Gourmand	PIP	Fallout	124	normal	uncommon	1	92675	c5bf1f6c-4653-4734-9bd7-af689a1b679d	0.15	FALSE	FALSE	near_mint	en	USD	2024-03-11T21:23:02.431Z
Wild Wasteland	PIP	Fallout	71	normal	rare	1	92693	ca1024d6-c5f1-48f5-9081-fb90d0c46fdb	1.5	FALSE	FALSE	near_mint	en	USD	2024-03-11T21:23:02.431Z
Windbrisk Heights	PIP	Fallout	315	normal	rare	1	91956	22b7b9f1-8428-4c04-a918-7c0e1d3906ed	0.15	FALSE	FALSE	near_mint	en	USD	2024-03-11T21:23:02.431Z
Yes Man, Personal Securitron	PIP	Fallout	29	normal	rare	1	92440	8e2fac8c-a574-4414-ac68-632fc822ddbb	2.23	FALSE	FALSE	near_mint	en	USD	2024-03-11T21:23:02.431Z
Agent Frank Horrigan	PIP	Fallout	89	normal	rare	1	92457	91193a0b-9087-404f-b397-815e29d0fe12	7.13	FALSE	FALSE	near_mint	en	USD	2024-03-11T21:26:36.258Z
Alpha Deathclaw	PIP	Fallout	91	normal	rare	1	92694	ca4c8b04-66af-4cb3-8003-9088d8344b20	3.06	FALSE	FALSE	near_mint	en	USD	2024-03-11T21:26:36.258Z
Atomize	PIP	Fallout	94	normal	rare	1	92197	592cbafc-ab4e-461f-b64f-0bf9d83aaff3	12.85	FALSE	FALSE	near_mint	en	USD	2024-03-11T21:26:36.258Z
Biomass Mutation	PIP	Fallout	212	normal	rare	1	92421	8a3f731a-03d7-4dc9-a922-cc2250cee6ef	0.16	FALSE	FALSE	near_mint	en	USD	2024-03-11T21:26:36.258Z
Bloatfly Swarm	PIP	Fallout	42	normal	uncommon	1	92008	2d90b839-0808-435d-bcf3-aa7af414c44b	0.47	FALSE	FALSE	near_mint	en	USD	2024-03-11T21:26:36.258Z
Branching Evolution	PIP	Fallout	195	normal	rare	1	92872	f4b2c132-0e57-4273-aa30-e78870647dc7	6.53	FALSE	FALSE	near_mint	en	USD	2024-03-11T21:26:36.258Z
Casualties of War	PIP	Fallout	213	normal	rare	1	92289	6ea2451e-ad6e-4f76-ac76-0b8f4fabd0a9	0.15	FALSE	FALSE	near_mint	en	USD	2024-03-11T21:26:36.258Z
Cathedral Acolyte	PIP	Fallout	75	normal	uncommon	1	92386	84118221-20a3-46a9-9e6e-a928b46a8633	0.6	FALSE	FALSE	near_mint	en	USD	2024-03-11T21:26:36.258Z
Contagion Clasp	PIP	Fallout	229	normal	uncommon	1	91862	0a5bd288-0488-4354-a201-717bdaa10d44	0.44	FALSE	FALSE	near_mint	en	USD	2024-03-11T21:26:36.258Z
Contaminated Drink	PIP	Fallout	99	normal	uncommon	1	92641	bde9eb15-544a-462a-8ab8-86067840c083	0.15	FALSE	FALSE	near_mint	en	USD	2024-03-11T21:26:36.258Z
Corpsejack Menace	PIP	Fallout	214	normal	uncommon	1	92895	fb08ac43-f138-47b6-9bff-6248c315b0ca	0.57	FALSE	FALSE	near_mint	en	USD	2024-03-11T21:26:36.258Z
Cultivate	PIP	Fallout	196	normal	uncommon	1	92593	b149d9f6-c337-43cd-8f9e-1f864d039d9c	0.5	FALSE	FALSE	near_mint	en	USD	2024-03-11T21:26:36.258Z
Darkwater Catacombs	PIP	Fallout	260	normal	rare	1	91899	15b3d4b7-972f-447f-a512-f40ceeba5d9c	0.28	FALSE	FALSE	near_mint	en	USD	2024-03-11T21:26:36.258Z
Drowned Catacomb	PIP	Fallout	262	normal	rare	1	92792	e033971a-3460-43a1-abf6-6dab433a9c3f	2.46	FALSE	FALSE	near_mint	en	USD	2024-03-11T21:26:36.258Z
Farseek	PIP	Fallout	197	normal	common	1	92600	b2dd4d32-8cb8-4699-8e96-22746cf5ea57	0.76	FALSE	FALSE	near_mint	en	USD	2024-03-11T21:26:36.258Z
Feral Ghoul	PIP	Fallout	44	normal	rare	1	92899	fbdef99d-6ce9-495d-a55b-e6ba799d3da7	2.19	FALSE	FALSE	near_mint	en	USD	2024-03-11T21:26:36.258Z
Fetid Pools	PIP	Fallout	265	normal	rare	1	91921	1ae00e88-0dfc-477a-a982-0187efe753f2	0.19	FALSE	FALSE	near_mint	en	USD	2024-03-11T21:26:36.258Z
Find // Finality	PIP	Fallout	216	normal	rare	1	92705	cbd4c04c-81b5-4026-a82a-4ae94ad50c01	0.36	FALSE	FALSE	near_mint	en	USD	2024-03-11T21:26:36.258Z
Fraying Sanity	PIP	Fallout	175	normal	rare	1	92305	72dbffda-f7cf-454f-b449-0fa7c6895add	0.5	FALSE	FALSE	near_mint	en	USD	2024-03-11T21:26:36.258Z
Glowing One	PIP	Fallout	76	normal	uncommon	1	92534	a1e36b92-aa88-4536-aebc-7e84a10d73fe	0.64	FALSE	FALSE	near_mint	en	USD	2024-03-11T21:26:36.258Z
Guardian Project	PIP	Fallout	199	normal	rare	1	92152	4e1b0ed2-dc94-471d-9ea4-1a17f3cbb81a	11.93	FALSE	FALSE	near_mint	en	USD	2024-03-11T21:26:36.258Z
Hancock, Ghoulish Mayor	PIP	Fallout	45	normal	rare	1	92062	39bda1b4-3f02-4cbc-9573-f5b6e6c991d5	2.05	FALSE	FALSE	near_mint	en	USD	2024-03-11T21:26:36.258Z
Hardened Scales	PIP	Fallout	200	normal	rare	1	92360	7ecefd95-4eff-4403-83c1-c0c29a2f2a76	3.56	FALSE	FALSE	near_mint	en	USD	2024-03-11T21:26:36.258Z
Harmonize	PIP	Fallout	201	normal	uncommon	1	92356	7dd260f0-2bce-469a-9c40-7978db5776e9	0.2	FALSE	FALSE	near_mint	en	USD	2024-03-11T21:26:36.258Z
Harold and Bob, First Numens	PIP	Fallout	78	normal	rare	1	92749	d730ac69-20ec-4ef3-85ee-a5fd24e5f277	0.16	FALSE	FALSE	near_mint	en	USD	2024-03-11T21:26:36.258Z
Hinterland Harbor	PIP	Fallout	267	normal	rare	1	92321	758fdcf1-09b4-4eba-a5f1-242d68ba1aea	0.37	FALSE	FALSE	near_mint	en	USD	2024-03-11T21:26:36.258Z
Inexorable Tide	PIP	Fallout	177	normal	rare	1	92419	89e857a2-389d-43f4-96aa-721e4ad1f3f1	1.33	FALSE	FALSE	near_mint	en	USD	2024-03-11T21:26:36.258Z
Infesting Radroach	PIP	Fallout	46	normal	uncommon	1	92212	5b51b691-e226-44c9-b7cb-26f19c060597	0.49	FALSE	FALSE	near_mint	en	USD	2024-03-11T21:26:36.258Z
Inspiring Call	PIP	Fallout	203	normal	uncommon	1	92824	e7d7760a-16d9-4fe2-98f3-212cc2cf6d83	0.6	FALSE	FALSE	near_mint	en	USD	2024-03-11T21:26:36.258Z
Jason Bright, Glowing Prophet	PIP	Fallout	32	normal	rare	1	92124	48313997-fd94-486a-bf30-e9143a155814	0.67	FALSE	FALSE	near_mint	en	USD	2024-03-11T21:26:36.258Z
Lily Bowen, Raging Grandma	PIP	Fallout	79	normal	rare	1	91836	052dc548-d356-43fe-9484-665db7e1f505	0.29	FALSE	FALSE	near_mint	en	USD	2024-03-11T21:26:36.258Z
Lumbering Megasloth	PIP	Fallout	80	normal	uncommon	1	92176	53b92e8a-fadf-4568-8b30-2df68e6ff7cf	0.21	FALSE	FALSE	near_mint	en	USD	2024-03-11T21:26:36.258Z
Marcus, Mutant Mayor	PIP	Fallout	109	normal	rare	1	91901	15db5769-af10-4369-ab4c-db25adb22223	0.5	FALSE	FALSE	near_mint	en	USD	2024-03-11T21:26:36.258Z
Mariposa Military Base	PIP	Fallout	151	normal	rare	1	92712	cd7be9d4-f9fa-44a3-9902-7e9e226ccf56	0.32	FALSE	FALSE	near_mint	en	USD	2024-03-11T21:26:36.258Z
Mirelurk Queen	PIP	Fallout	33	normal	rare	1	92288	6e6d1843-9e05-4cdd-ad4e-15d7913d87f7	0.75	FALSE	FALSE	near_mint	en	USD	2024-03-11T21:26:36.258Z
Mortuary Mire	PIP	Fallout	272	normal	common	1	92026	31b7472f-48f5-4ab5-8896-3eee29d13d59	0.72	FALSE	FALSE	near_mint	en	USD	2024-03-11T21:26:36.258Z
Mutational Advantage	PIP	Fallout	111	normal	rare	1	92598	b1ff92f1-9dc7-48e6-9e7c-9ef4a88518cb	7.68	FALSE	FALSE	near_mint	en	USD	2024-03-11T21:26:36.258Z
Nesting Grounds	PIP	Fallout	276	normal	rare	1	91860	0a1cf348-7434-4b43-907a-87a86eac735f	0.27	FALSE	FALSE	near_mint	en	USD	2024-03-11T21:26:36.258Z
Nightkin Ambusher	PIP	Fallout	112	normal	uncommon	1	92698	ca7cfcb2-83fb-41ad-ae31-9c32c942506c	0.21	FALSE	FALSE	near_mint	en	USD	2024-03-11T21:26:36.258Z
Nuclear Fallout	PIP	Fallout	47	normal	rare	1	92820	e717e4b0-a8c1-4411-b18a-1d17e7225503	4.08	FALSE	FALSE	near_mint	en	USD	2024-03-11T21:26:36.258Z
Nuka-Nuke Launcher	PIP	Fallout	138	normal	rare	1	92265	68d5835b-c206-4884-bdcf-38c7cdc703f4	0.38	FALSE	FALSE	near_mint	en	USD	2024-03-11T21:26:36.258Z
Opulent Palace	PIP	Fallout	278	normal	uncommon	1	92216	5ba66391-8ff8-423a-893f-72cc022f4714	0.35	FALSE	FALSE	near_mint	en	USD	2024-03-11T21:26:36.258Z
Overflowing Basin	PIP	Fallout	152	normal	rare	1	92318	75372ba1-85fb-4923-a62f-4050761c1471	0.16	FALSE	FALSE	near_mint	en	USD	2024-03-11T21:26:36.258Z
Piper Wright, Publick Reporter	PIP	Fallout	36	normal	rare	1	92463	916bf331-455a-4694-93d3-15dcf6971072	0.4	FALSE	FALSE	near_mint	en	USD	2024-03-11T21:26:36.258Z
Power Fist	PIP	Fallout	81	normal	rare	1	92520	9e8f7fbc-bf2a-43c1-a88d-807c1e7dab69	12.36	FALSE	FALSE	near_mint	en	USD	2024-03-11T21:26:36.258Z
Putrefy	PIP	Fallout	219	normal	uncommon	1	92649	bf308540-dd6d-4437-abe7-373a2c129455	0.28	FALSE	FALSE	near_mint	en	USD	2024-03-11T21:26:36.258Z
Radstorm	PIP	Fallout	37	normal	rare	1	92750	d778cdec-8fc7-4174-bae1-4c8e8ccdfab3	5.38	FALSE	FALSE	near_mint	en	USD	2024-03-11T21:26:36.258Z
Rampaging Yao Guai	PIP	Fallout	82	normal	rare	1	92242	63619236-a27a-4fdd-add6-7a295901f906	6.57	FALSE	FALSE	near_mint	en	USD	2024-03-11T21:26:36.258Z
Rampant Growth	PIP	Fallout	204	normal	common	1	92873	f4fad7e1-b57f-4652-879e-d97466948829	0.5	FALSE	FALSE	near_mint	en	USD	2024-03-11T21:26:36.258Z
Raul, Trouble Shooter	PIP	Fallout	115	normal	uncommon	1	92069	3b73a314-b197-4954-a242-7d9096a406c1	0.44	FALSE	FALSE	near_mint	en	USD	2024-03-11T21:26:36.258Z
Recon Craft Theta	PIP	Fallout	141	normal	rare	1	91949	21aa59d3-e786-4ba0-9802-01b57597cda2	1.65	FALSE	FALSE	near_mint	en	USD	2024-03-11T21:26:36.258Z
Screeching Scorchbeast	PIP	Fallout	49	normal	rare	1	92485	967dbb24-3073-4c33-bfdf-b3eb9e8fe443	1.26	FALSE	FALSE	near_mint	en	USD	2024-03-11T21:26:36.258Z
Strength Bobblehead	PIP	Fallout	143	normal	uncommon	1	92890	f9af73ad-625a-4260-8917-6a837f9fdf88	2.96	FALSE	FALSE	near_mint	en	USD	2024-03-11T21:26:36.258Z
Strong, the Brutish Thespian	PIP	Fallout	84	normal	rare	1	92003	2bc79ed6-057b-439f-b2cd-58d5bcd8b551	0.33	FALSE	FALSE	near_mint	en	USD	2024-03-11T21:26:36.258Z
Struggle for Project Purity	PIP	Fallout	39	normal	rare	1	91834	04c60155-9337-4ea2-b9a2-5b72d96743ff	3.8	FALSE	FALSE	near_mint	en	USD	2024-03-11T21:26:36.258Z
Sunken Hollow	PIP	Fallout	296	normal	rare	1	92219	5cb4d725-cb54-4617-bbfd-45e2f2d3dec8	0.28	FALSE	FALSE	near_mint	en	USD	2024-03-11T21:26:36.258Z
Tainted Isle	PIP	Fallout	299	normal	uncommon	1	92487	96cc20d1-c3be-4630-b860-49b9fdb6f6c4	1.58	FALSE	FALSE	near_mint	en	USD	2024-03-11T21:26:36.258Z
Tainted Wood	PIP	Fallout	301	normal	uncommon	1	92424	8aed044e-d9c8-429f-b618-62446fa688cc	0.37	FALSE	FALSE	near_mint	en	USD	2024-03-11T21:26:36.258Z
Talisman of Curiosity	PIP	Fallout	245	normal	uncommon	1	92478	9544d0d1-f9bb-43a5-9c39-db187a6efe3b	0.35	FALSE	FALSE	near_mint	en	USD	2024-03-11T21:26:36.258Z
Talisman of Dominance	PIP	Fallout	246	normal	uncommon	1	92158	4f294565-2bbc-49c6-9777-42160c0afe3e	2.12	FALSE	FALSE	near_mint	en	USD	2024-03-11T21:26:36.258Z
Talisman of Resilience	PIP	Fallout	250	normal	uncommon	1	92156	4ebf1082-624c-4b9d-a57f-672ccbef4987	0.33	FALSE	FALSE	near_mint	en	USD	2024-03-11T21:26:36.258Z
Tato Farmer	PIP	Fallout	86	normal	rare	1	92455	907bade4-7232-4808-af5c-2dbed4d5bf07	0.5	FALSE	FALSE	near_mint	en	USD	2024-03-11T21:26:36.258Z
Temple of Deceit	PIP	Fallout	303	normal	rare	1	92177	5460711e-dd15-476c-922f-3f1cd582d3f6	0.27	FALSE	FALSE	near_mint	en	USD	2024-03-11T21:26:36.258Z
Temple of Malady	PIP	Fallout	306	normal	rare	1	91964	23a280c4-9cc6-4b48-9124-0ddb7fd05626	0.15	FALSE	FALSE	near_mint	en	USD	2024-03-11T21:26:36.258Z
Temple of Mystery	PIP	Fallout	308	normal	rare	1	92684	c83ba1f6-a35b-4b24-9d33-6a9658441ec7	0.15	FALSE	FALSE	near_mint	en	USD	2024-03-11T21:26:36.258Z
The Master, Transcendent	PIP	Fallout	6	foil	mythic	1	92209	5b0497da-670a-405c-a39c-97cae7942836	0.5	FALSE	FALSE	near_mint	en	USD	2024-03-11T21:26:36.258Z
The Wise Mothman	PIP	Fallout	4	foil	mythic	1	92078	3d6d6944-a364-41c2-b824-7a1bf6ad0d1e	2.17	FALSE	FALSE	near_mint	en	USD	2024-03-11T21:26:36.258Z
Tireless Tracker	PIP	Fallout	207	normal	rare	1	91851	08b1bc46-e8be-4437-a50a-96b6f1ec4a08	0.2	FALSE	FALSE	near_mint	en	USD	2024-03-11T21:26:36.258Z
Vault 12: The Necropolis	PIP	Fallout	51	normal	rare	1	91895	144cd9eb-9b15-40ce-8a48-919e72dbaa67	0.37	FALSE	FALSE	near_mint	en	USD	2024-03-11T21:26:36.258Z
Vault 87: Forced Evolution	PIP	Fallout	122	normal	rare	1	92040	33bf267b-f41c-447a-aa35-0c01aad8a489	0.16	FALSE	FALSE	near_mint	en	USD	2024-03-11T21:26:36.258Z
Vexing Radgull	PIP	Fallout	41	normal	uncommon	1	92461	91580910-fe0e-4cd9-9e73-821af23abfe7	0.38	FALSE	FALSE	near_mint	en	USD	2024-03-11T21:26:36.258Z
Viridescent Bog	PIP	Fallout	154	normal	rare	1	92833	ea4ce16b-39bb-4580-9c38-a7c6b9a33609	0.18	FALSE	FALSE	near_mint	en	USD	2024-03-11T21:26:36.258Z
Watchful Radstag	PIP	Fallout	87	normal	rare	1	92645	be4151d4-4d35-48d2-9e72-c87014f79137	0.87	FALSE	FALSE	near_mint	en	USD	2024-03-11T21:26:36.258Z
Winding Constrictor	PIP	Fallout	223	normal	uncommon	1	91962	238c728e-5e5d-4fb2-9e97-59b5b0e721c8	0.63	FALSE	FALSE	near_mint	en	USD	2024-03-11T21:26:36.258Z
Woodland Cemetery	PIP	Fallout	316	normal	rare	1	92763	d98edea5-a974-4475-b518-e79a91fe4371	0.83	FALSE	FALSE	near_mint	en	USD	2024-03-11T21:26:36.258Z
Young Deathclaws	PIP	Fallout	125	normal	uncommon	1	92250	64d5e6bd-de46-4bc2-854b-cc6cae713f98	0.19	FALSE	FALSE	near_mint	en	USD	2024-03-11T21:26:36.258Z
Arcade Gannon	PIP	Fallout	92	normal	rare	1	92050	36356522-15fc-41e2-bf14-a745e5a96a50	0.16	FALSE	FALSE	near_mint	en	USD	2024-03-11T21:27:50.113Z
Assaultron Dominator	PIP	Fallout	54	normal	rare	1	92099	4112fadb-da03-441a-beeb-1dc90425e3f3	0.19	FALSE	FALSE	near_mint	en	USD	2024-03-11T21:27:50.113Z
Austere Command	PIP	Fallout	156	normal	rare	1	92168	5215c18d-90cd-45df-ac14-99909c97c69e	0.52	FALSE	FALSE	near_mint	en	USD	2024-03-11T21:27:50.113Z
Automated Assembly Line	PIP	Fallout	10	normal	rare	1	92912	fe9e2a76-1324-4b8e-b23c-10c04aca1870	0.17	FALSE	FALSE	near_mint	en	USD	2024-03-11T21:27:50.113Z
Behemoth of Vault 0	PIP	Fallout	127	normal	uncommon	1	92198	592d6e5b-a94e-460c-ab2f-21fd842c3d9a	0.25	FALSE	FALSE	near_mint	en	USD	2024-03-11T21:27:50.113Z
Bottle-Cap Blast	PIP	Fallout	55	normal	uncommon	1	92431	8bdceec0-0950-4d52-86fc-d0f04e8487ce	3	FALSE	FALSE	near_mint	en	USD	2024-03-11T21:27:50.113Z
Brotherhood Scribe	PIP	Fallout	13	normal	rare	1	92612	b751250e-ebf2-42b1-9a45-779b39974ba7	0.23	FALSE	FALSE	near_mint	en	USD	2024-03-11T21:27:50.113Z
Brotherhood Vertibird	PIP	Fallout	128	normal	rare	1	92662	c207c76d-5f10-4fd9-9826-cf0611bfa2d0	0.28	FALSE	FALSE	near_mint	en	USD	2024-03-11T21:27:50.113Z
C.A.M.P.	PIP	Fallout	129	normal	uncommon	1	91827	034d4543-2c53-4cda-acfd-7f26b8dd17fb	0.15	FALSE	FALSE	near_mint	en	USD	2024-03-11T21:27:50.113Z
Crush Contraband	PIP	Fallout	158	normal	uncommon	1	92795	e0941279-8695-4b71-b27a-5477a1858525	0.15	FALSE	FALSE	near_mint	en	USD	2024-03-11T21:27:50.113Z
Curie, Emergent Intelligence	PIP	Fallout	30	normal	rare	1	92179	54870f19-96f3-4cde-ae44-a9c5bbb0dbc1	0.25	FALSE	FALSE	near_mint	en	USD	2024-03-11T21:27:50.113Z
Dispatch	PIP	Fallout	159	normal	uncommon	1	92148	4cfcc2a8-ab59-47b5-88a9-0692e6091334	0.33	FALSE	FALSE	near_mint	en	USD	2024-03-11T21:27:50.113Z
Dr. Madison Li	PIP	Fallout	3	foil	mythic	1	92480	95af426d-a8af-4314-9ad0-ac61935e8e8e	0.16	FALSE	FALSE	near_mint	en	USD	2024-03-11T21:27:50.113Z
Elder Owyn Lyons	PIP	Fallout	103	normal	uncommon	1	92761	d923c845-59e0-403e-b57b-955fec528f1e	0.15	FALSE	FALSE	near_mint	en	USD	2024-03-11T21:27:50.113Z
Electrosiphon	PIP	Fallout	104	normal	rare	1	92384	8377fce8-edc8-4926-bf75-57162ff6df9f	0.25	FALSE	FALSE	near_mint	en	USD	2024-03-11T21:27:50.113Z
Endurance Bobblehead	PIP	Fallout	132	normal	uncommon	1	92405	8768789b-c414-4e35-bff3-d06a69dccff6	0.44	FALSE	FALSE	near_mint	en	USD	2024-03-11T21:27:50.113Z
Everflowing Chalice	PIP	Fallout	230	normal	uncommon	1	92637	bd6be33e-1a5b-482c-a444-3e8ab98d591d	0.29	FALSE	FALSE	near_mint	en	USD	2024-03-11T21:27:50.113Z
Expert-Level Safe	PIP	Fallout	133	normal	uncommon	1	92131	499f4bdc-8b6a-4e87-92fd-8368537a6ced	0.15	FALSE	FALSE	near_mint	en	USD	2024-03-11T21:27:50.113Z
Ferrous Lake	PIP	Fallout	148	normal	rare	1	91828	0406ff96-419b-44bc-b836-a39eaa55ae78	0.39	FALSE	FALSE	near_mint	en	USD	2024-03-11T21:27:50.113Z
Glacial Fortress	PIP	Fallout	266	normal	rare	1	92524	9f303a30-e3d9-4b31-aa67-608a627fc6ff	0.26	FALSE	FALSE	near_mint	en	USD	2024-03-11T21:27:50.113Z
Glimmer of Genius	PIP	Fallout	176	normal	uncommon	1	92132	49d84305-2143-470a-bf1f-12fb6d4d63b9	0.15	FALSE	FALSE	near_mint	en	USD	2024-03-11T21:27:50.113Z
HELIOS One	PIP	Fallout	149	normal	rare	1	92098	4102d28e-437b-440b-bf9b-8b4f6fb85a6c	0.3	FALSE	FALSE	near_mint	en	USD	2024-03-11T21:27:50.113Z
Intelligence Bobblehead	PIP	Fallout	134	normal	uncommon	1	92813	e6546c0d-6be2-4ced-9d7c-4269df8dea76	0.32	FALSE	FALSE	near_mint	en	USD	2024-03-11T21:27:50.113Z
Irrigated Farmland	PIP	Fallout	268	normal	rare	1	92797	e1cd325f-2762-4ef0-a0f1-b56bb63da0d1	0.19	FALSE	FALSE	near_mint	en	USD	2024-03-11T21:27:50.113Z
James, Wandering Dad // Follow Him	PIP	Fallout	31	normal	rare	1	92028	31fed516-04e1-4453-b955-dfbd32bab2f3	0.19	FALSE	FALSE	near_mint	en	USD	2024-03-11T21:27:50.113Z
Liberty Prime, Recharged	PIP	Fallout	5	foil	mythic	1	92010	2da11337-ceb2-4744-9696-c06fec2f2daa	0.17	FALSE	FALSE	near_mint	en	USD	2024-03-11T21:27:50.113Z
Lightning Greaves	PIP	Fallout	233	normal	uncommon	1	92445	8ec824ef-fd09-4f7e-a350-ac80005c261f	4.53	FALSE	FALSE	near_mint	en	USD	2024-03-11T21:27:50.113Z
Loyal Apprentice	PIP	Fallout	190	normal	uncommon	1	92875	f5cd0e82-d2aa-4614-93a2-b84828866742	0.29	FALSE	FALSE	near_mint	en	USD	2024-03-11T21:27:50.113Z
Mechanized Production	PIP	Fallout	178	normal	mythic	1	92096	40dca7cb-4724-48d6-a0e0-2cbb5a7fa4f7	2.26	FALSE	FALSE	near_mint	en	USD	2024-03-11T21:27:50.113Z
Mind Stone	PIP	Fallout	235	normal	uncommon	1	92618	b88baf29-a556-4e89-8471-9ba9bc8efe2c	0.3	FALSE	FALSE	near_mint	en	USD	2024-03-11T21:27:50.113Z
Mystic Forge	PIP	Fallout	236	normal	rare	1	91881	109a6275-331e-4696-85ea-6f7a0a0f865e	2.52	FALSE	FALSE	near_mint	en	USD	2024-03-11T21:27:50.113Z
Mystic Monastery	PIP	Fallout	275	normal	uncommon	1	92774	db91902a-a524-4207-8864-4d7085a0e09f	0.18	FALSE	FALSE	near_mint	en	USD	2024-03-11T21:27:50.113Z
Nerd Rage	PIP	Fallout	34	normal	uncommon	1	92831	e9857669-5fad-458a-8eda-c1790298add7	0.89	FALSE	FALSE	near_mint	en	USD	2024-03-11T21:27:50.113Z
Nick Valentine, Private Eye	PIP	Fallout	35	normal	rare	1	91864	0a7c9553-d4a8-4d51-8e8a-8a0ffbdf1715	0.24	FALSE	FALSE	near_mint	en	USD	2024-03-11T21:27:50.113Z
Nuka-Cola Vending Machine	PIP	Fallout	137	normal	uncommon	1	92092	405df7c7-0e37-499e-9826-6bf9f5db7a40	19.08	FALSE	FALSE	near_mint	en	USD	2024-03-11T21:27:50.113Z
One with the Machine	PIP	Fallout	179	normal	rare	1	91876	0f555efc-4314-4111-8c61-9548c5bae2e0	0.19	FALSE	FALSE	near_mint	en	USD	2024-03-11T21:27:50.113Z
Open the Vaults	PIP	Fallout	168	normal	rare	1	92435	8cd2e9d0-3691-40a4-a0e8-42ca29bfcc10	0.24	FALSE	FALSE	near_mint	en	USD	2024-03-11T21:27:50.113Z
Overencumbered	PIP	Fallout	18	normal	rare	1	92120	47058eaa-348d-4bbb-8df5-b931eba067f3	0.39	FALSE	FALSE	near_mint	en	USD	2024-03-11T21:27:50.113Z
Paladin Danse, Steel Maverick	PIP	Fallout	20	normal	uncommon	1	92852	f0e7ee3a-18f1-4771-86d6-db1e0b2aa542	0.29	FALSE	FALSE	near_mint	en	USD	2024-03-11T21:27:50.113Z
Panharmonicon	PIP	Fallout	237	normal	rare	1	91934	1d92b7dd-1f63-4f34-87ca-01a0eaa7b3a1	6.74	FALSE	FALSE	near_mint	en	USD	2024-03-11T21:27:50.113Z
Plasma Caster	PIP	Fallout	64	normal	rare	1	92659	c1654256-25ea-4467-812d-25f32fe65cdd	0.15	FALSE	FALSE	near_mint	en	USD	2024-03-11T21:27:50.113Z
Prairie Stream	PIP	Fallout	280	normal	rare	1	92746	d69dd983-757e-4de8-9824-a5123b906c62	0.19	FALSE	FALSE	near_mint	en	USD	2024-03-11T21:27:50.113Z
Razortide Bridge	PIP	Fallout	281	normal	common	1	92272	697d872f-111f-4810-baf2-d4c6f2f48dd5	0.22	FALSE	FALSE	near_mint	en	USD	2024-03-11T21:27:50.113Z
Red Death, Shipwrecker	PIP	Fallout	116	normal	rare	1	92847	edf616fa-b9a0-4f7a-b7ee-32ce3a08d466	0.25	FALSE	FALSE	near_mint	en	USD	2024-03-11T21:27:50.113Z
Rex, Cyber-Hound	PIP	Fallout	117	normal	rare	1	92770	dae95822-d4a9-4698-bd11-c504414fc160	0.15	FALSE	FALSE	near_mint	en	USD	2024-03-11T21:27:50.113Z
Robobrain War Mind	PIP	Fallout	38	normal	uncommon	1	91918	19c0791d-f0c5-4673-a0c5-40540c1e6d8c	0.18	FALSE	FALSE	near_mint	en	USD	2024-03-11T21:27:50.113Z
Rustvale Bridge	PIP	Fallout	285	normal	common	1	92115	45dd5b22-c7f8-4c00-a27b-437da0136177	0.19	FALSE	FALSE	near_mint	en	USD	2024-03-11T21:27:50.113Z
Sentinel Sarah Lyons	PIP	Fallout	118	normal	rare	1	91965	23b76965-528c-48f9-9ee6-332b09cae664	0.29	FALSE	FALSE	near_mint	en	USD	2024-03-11T21:27:50.113Z
Sentry Bot	PIP	Fallout	24	normal	rare	1	92594	b16b0143-3511-4f79-bdb1-1ff7af55f051	0.15	FALSE	FALSE	near_mint	en	USD	2024-03-11T21:27:50.113Z
Shaun, Father of Synths	PIP	Fallout	119	normal	rare	1	92264	68af449f-3c30-43ea-be60-d85061d7adbd	0.23	FALSE	FALSE	near_mint	en	USD	2024-03-11T21:27:50.113Z
Silverbluff Bridge	PIP	Fallout	290	normal	common	1	92380	820485ab-0a31-4278-9316-ec5b909f4d11	0.24	FALSE	FALSE	near_mint	en	USD	2024-03-11T21:27:50.113Z
Skycloud Expanse	PIP	Fallout	291	normal	rare	1	92175	53b8f769-57c8-45e7-b451-7b4fe7e80bf8	0.2	FALSE	FALSE	near_mint	en	USD	2024-03-11T21:27:50.113Z
Solemn Simulacrum	PIP	Fallout	240	normal	rare	1	92709	cc91d8b8-ed18-45bf-a9e0-2f6afe6dd23c	0.36	FALSE	FALSE	near_mint	en	USD	2024-03-11T21:27:50.113Z
Spire of Industry	PIP	Fallout	293	normal	rare	1	92714	cdda2ce8-23d1-4814-8e81-d6cf40f75a13	0.19	FALSE	FALSE	near_mint	en	USD	2024-03-11T21:27:50.113Z
Steel Overseer	PIP	Fallout	241	normal	rare	1	92691	ca078f45-b4eb-4b5b-87cb-80b6c0ba5f31	0.48	FALSE	FALSE	near_mint	en	USD	2024-03-11T21:27:50.113Z
Sulfur Falls	PIP	Fallout	294	normal	rare	1	92679	c6821409-3793-4a7c-962b-7d501fa50fe5	0.36	FALSE	FALSE	near_mint	en	USD	2024-03-11T21:27:50.113Z
Swords to Plowshares	PIP	Fallout	173	normal	uncommon	1	92845	ed55827d-1d72-4884-8a4f-fe7acbedab2c	1.32	FALSE	FALSE	near_mint	en	USD	2024-03-11T21:27:50.113Z
Synth Eradicator	PIP	Fallout	67	normal	rare	1	92408	87fc7b54-26e5-4b0d-b2bb-be8f977f752b	0.2	FALSE	FALSE	near_mint	en	USD	2024-03-11T21:27:50.113Z
Synth Infiltrator	PIP	Fallout	40	normal	rare	1	92091	3fe16bc4-8457-4c5f-902a-0746112e80a4	0.25	FALSE	FALSE	near_mint	en	USD	2024-03-11T21:27:50.113Z
T-45 Power Armor	PIP	Fallout	145	normal	rare	1	91942	203b1cb3-5eae-469a-8a5a-2e56dc859f78	0.15	FALSE	FALSE	near_mint	en	USD	2024-03-11T21:27:50.113Z
Talisman of Creativity	PIP	Fallout	244	normal	uncommon	1	92418	89d318b7-5c82-40a7-a63e-d8e72938624f	2.06	FALSE	FALSE	near_mint	en	USD	2024-03-11T21:27:50.113Z
Talisman of Progress	PIP	Fallout	249	normal	uncommon	1	92029	3290b095-7f4f-452d-b54d-b4290d182c8d	0.37	FALSE	FALSE	near_mint	en	USD	2024-03-11T21:27:50.113Z
Temple of Enlightenment	PIP	Fallout	304	normal	rare	1	92251	658fec13-a62d-4701-ad8b-9cb08d960253	0.15	FALSE	FALSE	near_mint	en	USD	2024-03-11T21:27:50.113Z
Temple of Epiphany	PIP	Fallout	305	normal	rare	1	92024	311d6842-0ba6-494d-b10c-9ac47f78c757	0.19	FALSE	FALSE	near_mint	en	USD	2024-03-11T21:27:50.113Z
The Motherlode, Excavator	PIP	Fallout	62	normal	rare	1	92073	3b9df394-522c-4458-bc36-cf24ad763718	0.15	FALSE	FALSE	near_mint	en	USD	2024-03-11T21:27:50.113Z
The Prydwen, Steel Flagship	PIP	Fallout	22	normal	rare	1	92509	9c0a8eda-bfeb-4fd9-9e41-12fce02883d8	0.18	FALSE	FALSE	near_mint	en	USD	2024-03-11T21:27:50.113Z
Thirst for Knowledge	PIP	Fallout	180	normal	uncommon	1	92221	5d4cc8d6-b366-4da8-a2d2-ff3be9092789	0.15	FALSE	FALSE	near_mint	en	USD	2024-03-11T21:27:50.113Z
Thought Vessel	PIP	Fallout	251	normal	common	1	92559	a68c8703-3029-443b-95f5-5310e8b48a2b	2.69	FALSE	FALSE	near_mint	en	USD	2024-03-11T21:27:50.113Z
Treasure Vault	PIP	Fallout	314	normal	rare	1	92072	3b8a9a88-d4b5-4c2a-86fa-22475ce919ca	1.33	FALSE	FALSE	near_mint	en	USD	2024-03-11T21:27:50.113Z
Unexpected Windfall	PIP	Fallout	193	normal	common	1	92672	c5261d46-bf8c-4c29-8683-9a4fe4b23b8d	3.84	FALSE	FALSE	near_mint	en	USD	2024-03-11T21:27:50.113Z
Vault 112: Sadistic Simulation	PIP	Fallout	123	normal	rare	1	91858	0a0acee2-f6dc-4e92-937b-01e2c07adc55	0.15	FALSE	FALSE	near_mint	en	USD	2024-03-11T21:27:50.113Z
Vault 13: Dweller's Journey	PIP	Fallout	26	normal	rare	1	92535	a22ad436-215a-4da1-b12e-1faac474f948	0.15	FALSE	FALSE	near_mint	en	USD	2024-03-11T21:27:50.113Z
Wake the Past	PIP	Fallout	221	normal	rare	1	92111	4548087a-9e65-4d57-988c-2b42c2801197	0.19	FALSE	FALSE	near_mint	en	USD	2024-03-11T21:27:50.113Z
Wayfarer's Bauble	PIP	Fallout	252	normal	common	1	91847	084b7503-d05b-4eac-bb6f-ef3bf696437d	0.33	FALSE	FALSE	near_mint	en	USD	2024-03-11T21:27:50.113Z
Whirler Rogue	PIP	Fallout	181	normal	uncommon	1	92460	91323e0e-5384-4571-a7c0-0e2c2ed45f02	0.15	FALSE	FALSE	near_mint	en	USD	2024-03-11T21:27:50.113Z
Abundant Growth	PIP	Fallout	194	normal	common	1	91890	120b71f5-3c4d-4e00-9a3d-6872416a4373	0.16	FALSE	FALSE	near_mint	en	USD	2024-03-11T21:27:56.318Z
Acquired Mutation	PIP	Fallout	53	normal	uncommon	1	91917	19586946-a6a6-4154-a544-15a052483f96	0.2	FALSE	FALSE	near_mint	en	USD	2024-03-11T21:27:56.318Z
Agility Bobblehead	PIP	Fallout	126	normal	uncommon	1	92724	cff8b0c5-5457-432a-8c27-f193c9922aec	0.9	FALSE	FALSE	near_mint	en	USD	2024-03-11T21:27:56.318Z
All That Glitters	PIP	Fallout	155	normal	common	1	91900	15d9fb74-9f2d-40f1-88b8-514a460a4f86	0.47	FALSE	FALSE	near_mint	en	USD	2024-03-11T21:27:56.318Z
Almost Perfect	PIP	Fallout	90	normal	rare	1	92188	564a9bff-969f-49c1-be02-40cb45858f19	0.15	FALSE	FALSE	near_mint	en	USD	2024-03-11T21:27:56.318Z
Animal Friend	PIP	Fallout	72	normal	rare	1	92587	af31a045-0387-44ff-b735-54e19b04d925	0.15	FALSE	FALSE	near_mint	en	USD	2024-03-11T21:27:56.318Z
Armory Paladin	PIP	Fallout	93	normal	rare	1	92154	4e5ffa95-5c5f-449b-820a-7d5bc1688d29	0.15	FALSE	FALSE	near_mint	en	USD	2024-03-11T21:27:56.318Z
Basilisk Collar	PIP	Fallout	225	normal	rare	1	92297	718b8ca7-81cb-40d8-904e-88872bd3797e	4.11	FALSE	FALSE	near_mint	en	USD	2024-03-11T21:27:56.318Z
Behemoth Sledge	PIP	Fallout	211	normal	uncommon	1	91820	0053d366-fc35-443b-a8dd-4ab0c3362c81	0.19	FALSE	FALSE	near_mint	en	USD	2024-03-11T21:27:56.318Z
Bighorner Rancher	PIP	Fallout	73	normal	uncommon	1	92397	861361bc-b357-4ff8-931b-a48d08817191	0.33	FALSE	FALSE	near_mint	en	USD	2024-03-11T21:27:56.318Z
Blasphemous Act	PIP	Fallout	188	normal	rare	1	92785	de9c16b7-63c2-4071-9117-184cb1a04f14	0.71	FALSE	FALSE	near_mint	en	USD	2024-03-11T21:27:56.318Z
Bloodforged Battle-Axe	PIP	Fallout	226	normal	rare	1	92564	a78289e0-3675-4587-8a33-54640e58a1f7	1.39	FALSE	FALSE	near_mint	en	USD	2024-03-11T21:27:56.318Z
Brass Knuckles	PIP	Fallout	227	normal	uncommon	1	92650	bf3fcf94-c206-46ac-9356-7561cc0cd711	0.15	FALSE	FALSE	near_mint	en	USD	2024-03-11T21:27:56.318Z
Break Down	PIP	Fallout	74	normal	uncommon	1	92036	3389f9d7-b8ae-4c51-90f9-b6385517914a	0.15	FALSE	FALSE	near_mint	en	USD	2024-03-11T21:27:56.318Z
Brotherhood Outcast	PIP	Fallout	12	normal	uncommon	1	92224	5e96e656-7146-420d-aaae-3aedd773eea2	0.18	FALSE	FALSE	near_mint	en	USD	2024-03-11T21:27:56.318Z
Cait, Cage Brawler	PIP	Fallout	96	normal	rare	1	92903	fca61d02-2819-483f-9d30-862f0650ab0a	0.15	FALSE	FALSE	near_mint	en	USD	2024-03-11T21:27:56.318Z
Canopy Vista	PIP	Fallout	255	normal	rare	1	92021	3076b36b-292a-4b14-8284-28e623c20e30	0.25	FALSE	FALSE	near_mint	en	USD	2024-03-11T21:27:56.318Z
Cass, Hand of Vengeance	PIP	Fallout	97	normal	rare	1	92213	5b6d7fa6-4de6-4bc8-b250-2ed6eb559618	0.23	FALSE	FALSE	near_mint	en	USD	2024-03-11T21:27:56.318Z
Champion's Helm	PIP	Fallout	228	normal	rare	1	91980	26f5d866-4ee9-4054-8d48-82da0a2d1170	1.36	FALSE	FALSE	near_mint	en	USD	2024-03-11T21:27:56.318Z
Chaos Warp	PIP	Fallout	189	normal	rare	1	92501	9a4d0e40-d771-458e-b705-1d2bef8c200e	0.36	FALSE	FALSE	near_mint	en	USD	2024-03-11T21:27:56.318Z
Cinder Glade	PIP	Fallout	257	normal	rare	1	92651	bf4959e5-bdc8-4f60-a1d2-77dc17a493a0	0.24	FALSE	FALSE	near_mint	en	USD	2024-03-11T21:27:56.318Z
Codsworth, Handy Helper	PIP	Fallout	14	normal	rare	1	92631	bbdfbd21-61b1-4ebd-8d37-bce2a391a7e9	22	FALSE	FALSE	near_mint	en	USD	2024-03-11T21:27:56.318Z
Commander Sofia Daguerre	PIP	Fallout	15	normal	uncommon	1	92293	712697a4-69b4-4237-9340-96f0e5a32229	0.15	FALSE	FALSE	near_mint	en	USD	2024-03-11T21:27:56.318Z
Crimson Caravaneer	PIP	Fallout	56	normal	uncommon	1	92067	3acc522b-6297-455e-8bb5-6187061496d0	0.15	FALSE	FALSE	near_mint	en	USD	2024-03-11T21:27:56.318Z
Dogmeat, Ever Loyal	PIP	Fallout	2	foil	mythic	1	92398	86b45e3e-8460-4678-87d1-d74479936c83	0.17	FALSE	FALSE	near_mint	en	USD	2024-03-11T21:27:56.318Z
Duchess, Wayward Tavernkeep	PIP	Fallout	57	normal	rare	1	92057	38c0a17f-787b-41ac-8375-d9532dce1f4f	0.15	FALSE	FALSE	near_mint	en	USD	2024-03-11T21:27:56.318Z
Explorer's Scope	PIP	Fallout	231	normal	common	1	92815	e66cbdcb-c42c-4f30-871f-f1bc11f475df	0.15	FALSE	FALSE	near_mint	en	USD	2024-03-11T21:27:56.318Z
Fertile Ground	PIP	Fallout	198	normal	common	1	92413	88d3b2bb-2be0-4de9-9de0-1a07da693e4f	0.17	FALSE	FALSE	near_mint	en	USD	2024-03-11T21:27:56.318Z
Fireshrieker	PIP	Fallout	232	normal	uncommon	1	92043	34cda06f-b935-4a40-aae5-9fcf7966e68c	0.25	FALSE	FALSE	near_mint	en	USD	2024-03-11T21:27:56.318Z
Grim Reaper's Sprint	PIP	Fallout	58	normal	rare	1	91914	18e76286-9e06-42de-b322-eb8aa2cdca3a	1.66	FALSE	FALSE	near_mint	en	USD	2024-03-11T21:27:56.318Z
Gunner Conscript	PIP	Fallout	77	normal	uncommon	1	92161	4f6d444f-9ffb-4dc2-b668-738d45aec2c3	0.15	FALSE	FALSE	near_mint	en	USD	2024-03-11T21:27:56.318Z
Heroic Intervention	PIP	Fallout	202	normal	rare	1	91867	0bdaecd3-fc71-4c86-a65e-27681e1ba41f	13.92	FALSE	FALSE	near_mint	en	USD	2024-03-11T21:27:56.318Z
Ian the Reckless	PIP	Fallout	59	normal	uncommon	1	92147	4cd46b6a-eb20-4ffa-94e0-47d1d2d46087	0.15	FALSE	FALSE	near_mint	en	USD	2024-03-11T21:27:56.318Z
Idolized	PIP	Fallout	17	normal	rare	1	92263	687133cb-3754-475c-9e21-b6a33aa58bb0	1.19	FALSE	FALSE	near_mint	en	USD	2024-03-11T21:27:56.318Z
Inventory Management	PIP	Fallout	105	normal	rare	1	92341	7a1acb59-a679-4c6d-8458-8fe5556b9d4d	3.07	FALSE	FALSE	near_mint	en	USD	2024-03-11T21:27:56.318Z
Jungle Shrine	PIP	Fallout	270	normal	uncommon	1	92053	374c9b90-9179-4866-b479-ffd303767f97	0.24	FALSE	FALSE	near_mint	en	USD	2024-03-11T21:27:56.318Z
Junk Jet	PIP	Fallout	60	normal	rare	1	91963	2397c9b8-3974-48b8-94bd-f05f2e20750c	0.29	FALSE	FALSE	near_mint	en	USD	2024-03-11T21:27:56.318Z
Junktown	PIP	Fallout	150	normal	rare	1	92222	5e24c687-f070-469d-a09d-acf4ac6ed374	0.18	FALSE	FALSE	near_mint	en	USD	2024-03-11T21:27:56.318Z
Mantle of the Ancients	PIP	Fallout	165	normal	rare	1	92193	56ec4350-05fa-4452-ade3-3cf2c319eb0b	9.75	FALSE	FALSE	near_mint	en	USD	2024-03-11T21:27:56.318Z
Masterwork of Ingenuity	PIP	Fallout	234	normal	rare	1	92521	9ea75905-326f-48a9-9144-3ac147b9c2bf	0.91	FALSE	FALSE	near_mint	en	USD	2024-03-11T21:27:56.318Z
Megaton's Fate	PIP	Fallout	61	normal	rare	1	92826	e8492127-888d-4da0-b49f-fba6a356b0a9	0.25	FALSE	FALSE	near_mint	en	USD	2024-03-11T21:27:56.318Z
Mister Gutsy	PIP	Fallout	136	normal	rare	1	92523	9f09166a-78de-4136-8a3c-034e1ef73ede	0.19	FALSE	FALSE	near_mint	en	USD	2024-03-11T21:27:56.318Z
Moira Brown, Guide Author	PIP	Fallout	110	normal	rare	1	92101	418ce6f6-b483-4695-aaf5-e4f7eeb9eb16	0.15	FALSE	FALSE	near_mint	en	USD	2024-03-11T21:27:56.318Z
Mossfire Valley	PIP	Fallout	273	normal	rare	1	92505	9b31a08a-8fb5-48ef-b923-a1c6378a95f4	0.15	FALSE	FALSE	near_mint	en	USD	2024-03-11T21:27:56.318Z
Path to Exile	PIP	Fallout	169	normal	uncommon	1	92107	437e42e1-a8b5-49db-885b-e7e1a06db59d	1.29	FALSE	FALSE	near_mint	en	USD	2024-03-11T21:27:56.318Z
Perception Bobblehead	PIP	Fallout	139	normal	uncommon	1	92801	e2a8c89c-2cd1-4f68-9758-449177be2880	0.85	FALSE	FALSE	near_mint	en	USD	2024-03-11T21:27:56.318Z
Pip-Boy 3000	PIP	Fallout	140	normal	rare	1	92664	c2248694-aab0-47a8-ae8b-8d5283075e10	4.54	FALSE	FALSE	near_mint	en	USD	2024-03-11T21:27:56.318Z
Pre-War Formalwear	PIP	Fallout	21	normal	rare	1	91915	19018f23-b63b-45af-8419-8959f41472d4	1.49	FALSE	FALSE	near_mint	en	USD	2024-03-11T21:27:56.318Z
Preston Garvey, Minuteman	PIP	Fallout	8	foil	mythic	1	91955	22b60168-1e7b-4c80-bb93-6841c1e961bb	0.15	FALSE	FALSE	near_mint	en	USD	2024-03-11T21:27:56.318Z
Puresteel Paladin	PIP	Fallout	170	normal	rare	1	92311	73e496f4-ec53-4e3c-a27d-5c1b5a54a642	0.97	FALSE	FALSE	near_mint	en	USD	2024-03-11T21:27:56.318Z
Rancor	PIP	Fallout	205	normal	uncommon	1	92093	4073ecc9-5d3a-452f-b708-0572fa27a6f0	1.06	FALSE	FALSE	near_mint	en	USD	2024-03-11T21:27:56.318Z
Roadside Reliquary	PIP	Fallout	282	normal	uncommon	1	92788	deca57c8-ac90-4fce-83b5-74adf45622e5	0.15	FALSE	FALSE	near_mint	en	USD	2024-03-11T21:27:56.318Z
Rogue's Passage	PIP	Fallout	283	normal	uncommon	1	92287	6e0d5ed6-baa9-42b7-87e2-372e4513b771	0.49	FALSE	FALSE	near_mint	en	USD	2024-03-11T21:27:56.318Z
Rootbound Crag	PIP	Fallout	284	normal	rare	1	92002	2b8ba5e7-5867-47dc-88f5-412b490306a6	0.25	FALSE	FALSE	near_mint	en	USD	2024-03-11T21:27:56.318Z
Scattered Groves	PIP	Fallout	286	normal	rare	1	92778	dc924137-6f0d-41bd-bb94-b7a6e1a13be1	0.17	FALSE	FALSE	near_mint	en	USD	2024-03-11T21:27:56.318Z
Scavenger Grounds	PIP	Fallout	287	normal	rare	1	92634	bc8fa97c-f796-4fb7-bd4d-f55b5f66c36e	0.31	FALSE	FALSE	near_mint	en	USD	2024-03-11T21:27:56.318Z
Sheltered Thicket	PIP	Fallout	289	normal	rare	1	92465	923d2489-54c6-47df-8bce-285f42c33c20	0.19	FALSE	FALSE	near_mint	en	USD	2024-03-11T21:27:56.318Z
Silver Shroud Costume	PIP	Fallout	142	normal	uncommon	1	92859	f21fba59-330b-4daf-bf77-6dd817327a64	10.97	FALSE	FALSE	near_mint	en	USD	2024-03-11T21:27:56.318Z
Single Combat	PIP	Fallout	172	normal	rare	1	92225	5ea2469c-f719-40e6-bec1-0457fa93c541	0.39	FALSE	FALSE	near_mint	en	USD	2024-03-11T21:27:56.318Z
Squirrel Nest	PIP	Fallout	206	normal	uncommon	1	92739	d52b4496-b60d-4c72-bf86-0f0e54515821	0.15	FALSE	FALSE	near_mint	en	USD	2024-03-11T21:27:56.318Z
Sticky Fingers	PIP	Fallout	191	normal	common	1	92881	f748393d-5845-45d7-96e9-bbdbb701151f	0.33	FALSE	FALSE	near_mint	en	USD	2024-03-11T21:27:56.318Z
Strong Back	PIP	Fallout	83	normal	rare	1	92089	3f65afa5-e4f7-49c2-97f9-47ad5dbcacfa	1.24	FALSE	FALSE	near_mint	en	USD	2024-03-11T21:27:56.318Z
Sungrass Prairie	PIP	Fallout	295	normal	rare	1	92677	c61db976-f33e-4904-829c-b9ec11a7eeb0	0.15	FALSE	FALSE	near_mint	en	USD	2024-03-11T21:27:56.318Z
Sunpetal Grove	PIP	Fallout	297	normal	rare	1	91824	011bd068-32f4-4055-930d-afd2015fb41a	0.55	FALSE	FALSE	near_mint	en	USD	2024-03-11T21:27:56.318Z
Sunscorched Divide	PIP	Fallout	153	normal	rare	1	92886	f84a8f54-9ede-40ee-a783-e58a7e4f2e94	0.15	FALSE	FALSE	near_mint	en	USD	2024-03-11T21:27:56.318Z
Super Mutant Scavenger	PIP	Fallout	85	normal	uncommon	1	92104	41f48a99-eaf7-42ec-bab3-9ebbc735a82a	0.15	FALSE	FALSE	near_mint	en	USD	2024-03-11T21:27:56.318Z
Swiftfoot Boots	PIP	Fallout	242	normal	uncommon	1	92119	46d405a1-f951-4043-97bf-887e4fa388ad	2.33	FALSE	FALSE	near_mint	en	USD	2024-03-11T21:27:56.318Z
Temple of Abandon	PIP	Fallout	302	normal	rare	1	92345	7a83e083-bdaf-4f11-9be2-7d148428f479	0.15	FALSE	FALSE	near_mint	en	USD	2024-03-11T21:27:56.318Z
Temple of Plenty	PIP	Fallout	309	normal	rare	1	92270	694d6658-4126-4aea-a2ab-0cffa168e101	0.15	FALSE	FALSE	near_mint	en	USD	2024-03-11T21:27:56.318Z
Three Dog, Galaxy News DJ	PIP	Fallout	120	normal	rare	1	92577	ab34e869-be7a-4632-95b3-5f200b4edcca	0.18	FALSE	FALSE	near_mint	en	USD	2024-03-11T21:27:56.318Z
Valorous Stance	PIP	Fallout	174	normal	uncommon	1	91886	11545710-6917-4e44-856f-4c9063a1313c	0.15	FALSE	FALSE	near_mint	en	USD	2024-03-11T21:27:56.318Z
Vault 101: Birthday Party	PIP	Fallout	28	normal	rare	1	92901	fc513659-ea88-4d04-82bd-5bb2e740d957	0.15	FALSE	FALSE	near_mint	en	USD	2024-03-11T21:27:56.318Z
Vault 21: House Gambit	PIP	Fallout	69	normal	rare	1	92095	40972644-a284-4c7c-a451-d70eff7488ab	0.2	FALSE	FALSE	near_mint	en	USD	2024-03-11T21:27:56.318Z
Veronica, Dissident Scribe	PIP	Fallout	70	normal	rare	1	91959	2325aa29-7050-42a5-a0b4-c162db2192c9	0.21	FALSE	FALSE	near_mint	en	USD	2024-03-11T21:27:56.318Z
Well Rested	PIP	Fallout	88	normal	uncommon	1	92846	ed640359-01e2-4a96-a4ab-aca053a2498d	2.5	FALSE	FALSE	near_mint	en	USD	2024-03-11T21:27:56.318Z
Wild Growth	PIP	Fallout	208	normal	common	1	91907	16fdfa77-424a-4f83-bb48-1c43b6c84b17	0.47	FALSE	FALSE	near_mint	en	USD	2024-03-11T21:27:56.318Z
Amalia Benavides Aguirre	LCI	The Lost Caverns of Ixalan	221	normal	rare	1	88733	9acf80a5-f2ca-45b4-aca8-fbc690e35401	0.48	FALSE	FALSE	near_mint	en	USD	2024-03-11T21:59:25.128Z
Austere Command	LCC	The Lost Caverns of Ixalan Commander	126	normal	rare	1	88904	cf1f630e-8b55-4f5a-a7f2-3161801de767	0.47	FALSE	FALSE	near_mint	en	USD	2024-03-11T21:59:25.128Z
Bartolomé del Presidio	LCI	The Lost Caverns of Ixalan	224	normal	uncommon	4	88562	690ccdc7-6c43-4902-9d11-2f07b7a36b11	0.15	FALSE	FALSE	near_mint	en	USD	2024-03-11T21:59:25.128Z
Bishop of the Bloodstained	XLN	Ixalan	91	normal	uncommon	1	3921	373131be-bd66-49f5-80fa-836ced03fedf	0.15	FALSE	FALSE	near_mint	en	USD	2024-03-11T21:59:25.128Z
Blood Artist	2X2	Double Masters 2022	352	foil	uncommon	1	70231	5587191b-b56a-452d-8a18-1622df83c267	4.04	FALSE	FALSE	near_mint	en	USD	2024-03-11T21:59:25.128Z
Bloodghast	LCC	The Lost Caverns of Ixalan Commander	184	normal	rare	1	88250	08e01310-d192-41e9-a6f0-0edbd6fb3cfb	0.96	FALSE	FALSE	near_mint	en	USD	2024-03-11T21:59:25.128Z
Bloodline Necromancer	LCC	The Lost Caverns of Ixalan Commander	185	normal	uncommon	1	88571	6b1e719c-4679-4cf0-8ca4-ae740eb0ba92	0.31	FALSE	FALSE	near_mint	en	USD	2024-03-11T21:59:25.128Z
Bojuka Bog	LCC	The Lost Caverns of Ixalan Commander	320	normal	common	1	88267	0c7d4fbe-fa7a-4b34-b339-197f08409cbf	1.04	FALSE	FALSE	near_mint	en	USD	2024-03-11T21:59:25.128Z
Butcher of Malakir	LCC	The Lost Caverns of Ixalan Commander	187	normal	rare	1	88739	9d805499-0739-403e-8447-ed2707dc9eb2	0.35	FALSE	FALSE	near_mint	en	USD	2024-03-11T21:59:25.128Z
Champion of Dusk	LCC	The Lost Caverns of Ixalan Commander	188	normal	rare	1	88536	5fa1674a-86cc-4fdf-8671-860b2bf5043d	0.25	FALSE	FALSE	near_mint	en	USD	2024-03-11T21:59:25.128Z
Charismatic Conqueror	LCC	The Lost Caverns of Ixalan Commander	70	normal	rare	1	88515	599c934d-bfff-43ce-a545-6e3cde124515	18.85	FALSE	FALSE	near_mint	en	USD	2024-03-11T21:59:25.128Z
Clavileño, First of the Blessed	LCC	The Lost Caverns of Ixalan Commander	18	normal	mythic	1	88485	4e87c55b-897f-4997-adbc-2620993669be	2.51	FALSE	FALSE	near_mint	en	USD	2024-03-11T21:59:25.128Z
Cordial Vampire	LCC	The Lost Caverns of Ixalan Commander	189	normal	rare	1	88273	0d91e61d-e3bf-4ddc-9f01-18b1abe35a61	0.58	FALSE	FALSE	near_mint	en	USD	2024-03-11T21:59:25.128Z
Crossway Troublemakers	LCC	The Lost Caverns of Ixalan Commander	190	normal	rare	1	88714	95ef4f86-9b96-4181-9442-44adce180984	0.2	FALSE	FALSE	near_mint	en	USD	2024-03-11T21:59:25.128Z
Cruel Celebrant	LCC	The Lost Caverns of Ixalan Commander	267	normal	uncommon	1	88825	b3f8be99-a398-4664-beb6-3e98d6e62a32	0.57	FALSE	FALSE	near_mint	en	USD	2024-03-11T21:59:25.128Z
Damn	LCC	The Lost Caverns of Ixalan Commander	191	normal	rare	1	88647	84056124-1a6f-4274-bee2-74cf0debddb5	1.89	FALSE	FALSE	near_mint	en	USD	2024-03-11T21:59:25.128Z
Drana, Liberator of Malakir	LCC	The Lost Caverns of Ixalan Commander	193	normal	mythic	1	88248	0850b41d-3589-40cd-ae22-cc5b4ddee1c4	0.73	FALSE	FALSE	near_mint	en	USD	2024-03-11T21:59:25.128Z
Dusk Legion Sergeant	LCC	The Lost Caverns of Ixalan Commander	80	normal	rare	1	88526	5bfc9243-7aec-48e6-9f3b-1bbbb5370063	0.24	FALSE	FALSE	near_mint	en	USD	2024-03-11T21:59:25.128Z
Dusk Legion Zealot	LCC	The Lost Caverns of Ixalan Commander	194	normal	common	1	88592	72048624-e3fd-4e9b-91a9-996ea3a1a74f	0.2	FALSE	FALSE	near_mint	en	USD	2024-03-11T21:59:25.128Z
Edgar, Charmed Groom // Edgar Markov's Coffin	VOW	Innistrad: Crimson Vow	236	normal	rare	1	64245	63ba8eef-b834-4031-b0a1-0f8505d53813	3.86	FALSE	FALSE	near_mint	en	USD	2024-03-11T21:59:25.128Z
Etchings of the Chosen	LCC	The Lost Caverns of Ixalan Commander	269	normal	uncommon	1	88466	496e4759-9d6b-42fa-833c-1fff2c9d03f2	0.18	FALSE	FALSE	near_mint	en	USD	2024-03-11T21:59:25.128Z
Falkenrath Noble	LCC	The Lost Caverns of Ixalan Commander	196	normal	uncommon	1	88279	0fad9e17-c45c-4f94-af5b-63dc1dda1e5b	0.15	FALSE	FALSE	near_mint	en	USD	2024-03-11T21:59:25.128Z
Glass-Cast Heart	LCC	The Lost Caverns of Ixalan Commander	199	normal	rare	1	89029	f36a4054-903c-468a-877b-0ba43a403cc1	0.27	FALSE	FALSE	near_mint	en	USD	2024-03-11T21:59:25.128Z
Haunted One	CLB	Commander Legends: Battle for Baldur's Gate	654	foil	mythic	1	69675	dc53b1af-0f4a-4475-a131-27cb5d5b0cf1	5.33	FALSE	FALSE	near_mint	en	USD	2024-03-11T21:59:25.128Z
Heirloom Blade	LCC	The Lost Caverns of Ixalan Commander	303	normal	uncommon	1	88467	49fe8b13-3f83-4a35-aa2d-2292b96f3d3e	0.3	FALSE	FALSE	near_mint	en	USD	2024-03-11T21:59:25.128Z
Indulgent Aristocrat	LCC	The Lost Caverns of Ixalan Commander	200	normal	uncommon	1	88363	296e4dc6-6997-4c4a-8137-c0835b44a1c9	0.22	FALSE	FALSE	near_mint	en	USD	2024-03-11T21:59:25.128Z
Isolated Chapel	LCC	The Lost Caverns of Ixalan Commander	337	normal	rare	1	88886	c688891e-0a25-4630-acfc-c3a0bed2b2f2	0.34	FALSE	FALSE	near_mint	en	USD	2024-03-11T21:59:25.128Z
Kindred Boon	LCC	The Lost Caverns of Ixalan Commander	129	normal	rare	1	88789	a9d21710-3006-45a0-9af2-275159bb5315	0.19	FALSE	FALSE	near_mint	en	USD	2024-03-11T21:59:25.128Z
Legion Lieutenant	LCC	The Lost Caverns of Ixalan Commander	275	normal	uncommon	1	88655	85c6bd7d-537a-42fe-9c68-742bdf2e7025	0.25	FALSE	FALSE	near_mint	en	USD	2024-03-11T21:59:25.128Z
March of the Canonized	LCC	The Lost Caverns of Ixalan Commander	73	normal	rare	1	88502	547581d0-025a-435a-8016-ee7c6b890e53	0.3	FALSE	FALSE	near_mint	en	USD	2024-03-11T21:59:25.128Z
Martyr of Dusk	LCC	The Lost Caverns of Ixalan Commander	132	normal	common	1	88921	d32e68b4-2584-4b1c-9268-642e3678bae7	0.15	FALSE	FALSE	near_mint	en	USD	2024-03-11T21:59:25.128Z
Master of Dark Rites	LCC	The Lost Caverns of Ixalan Commander	83	normal	rare	1	88547	6394a522-37bb-4cf3-b434-5121c8000ac6	1.44	FALSE	FALSE	near_mint	en	USD	2024-03-11T21:59:25.128Z
Mavren Fein, Dusk Apostle	LCC	The Lost Caverns of Ixalan Commander	133	normal	rare	1	89061	fdc3e998-760b-41ca-9f92-270aaa82f3fb	0.26	FALSE	FALSE	near_mint	en	USD	2024-03-11T21:59:25.128Z
Mind Stone	LCC	The Lost Caverns of Ixalan Commander	309	normal	common	1	88656	8615e46e-56c3-49f6-b4ad-44ec25be5f05	0.22	FALSE	FALSE	near_mint	en	USD	2024-03-11T21:59:25.128Z
Myriad Landscape	LCC	The Lost Caverns of Ixalan Commander	343	normal	uncommon	1	88698	92a45243-2ea9-4da1-984b-287a555a51f4	0.22	FALSE	FALSE	near_mint	en	USD	2024-03-11T21:59:25.128Z
New Blood	LCC	The Lost Caverns of Ixalan Commander	202	normal	rare	1	88583	6ee669ab-0ae6-43e5-86fd-f0dcb621e478	0.27	FALSE	FALSE	near_mint	en	USD	2024-03-11T21:59:25.128Z
Nighthawk Scavenger	LCC	The Lost Caverns of Ixalan Commander	203	normal	rare	1	89004	ebc64d89-4fa0-40fc-9d93-154d50deaaa1	0.34	FALSE	FALSE	near_mint	en	USD	2024-03-11T21:59:25.128Z
Olivia's Wrath	LCC	The Lost Caverns of Ixalan Commander	205	normal	rare	1	88430	3eb5cc8d-a198-43cd-a2bd-9c9414d815b2	0.45	FALSE	FALSE	near_mint	en	USD	2024-03-11T21:59:25.128Z
Order of Sacred Dusk	LCC	The Lost Caverns of Ixalan Commander	97	normal	rare	1	88389	32f34099-c6ff-49d2-911a-23ab806c77e9	0.2	FALSE	FALSE	near_mint	en	USD	2024-03-11T21:59:25.128Z
Orzhov Basilica	LCC	The Lost Caverns of Ixalan Commander	345	normal	common	1	88386	315107f2-3c1c-43b5-aa23-80ec8f722861	0.24	FALSE	FALSE	near_mint	en	USD	2024-03-11T21:59:25.128Z
Orzhov Signet	LCC	The Lost Caverns of Ixalan Commander	310	normal	uncommon	1	88277	0f0d3c9c-7b3d-4dd1-bf0a-41652e2e1f94	0.3	FALSE	FALSE	near_mint	en	USD	2024-03-11T21:59:25.128Z
Pact of the Serpent	LCC	The Lost Caverns of Ixalan Commander	206	normal	rare	1	88460	481d268a-848c-4ccd-95ff-eed77dc20776	0.65	FALSE	FALSE	near_mint	en	USD	2024-03-11T21:59:25.128Z
Patron of the Vein	LCC	The Lost Caverns of Ixalan Commander	207	normal	rare	1	88779	a70d7b65-77d0-41d3-9735-d64b9288fde1	0.35	FALSE	FALSE	near_mint	en	USD	2024-03-11T21:59:25.128Z
Plains	LCI	The Lost Caverns of Ixalan	393	normal	common	9	88454	4716a32c-91a6-470a-a686-d5eb3d27f46e	0.15	FALSE	FALSE	near_mint	en	USD	2024-03-11T21:59:25.128Z
Redemption Choir	LCC	The Lost Caverns of Ixalan Commander	74	normal	rare	1	88722	981dcacb-24a3-43bb-bb64-2b227f31dc3e	0.31	FALSE	FALSE	near_mint	en	USD	2024-03-11T21:59:25.128Z
Return to Dust	LCC	The Lost Caverns of Ixalan Commander	136	normal	uncommon	1	88554	664e3826-799b-4edb-8811-2d2b6355edaf	0.15	FALSE	FALSE	near_mint	en	USD	2024-03-11T21:59:25.128Z
Sanctum Seeker	LCC	The Lost Caverns of Ixalan Commander	209	normal	rare	1	88666	893279fb-6f51-4d1e-b2fd-a0cdb603785f	0.33	FALSE	FALSE	near_mint	en	USD	2024-03-11T21:59:25.128Z
Shineshadow Snarl	LCC	The Lost Caverns of Ixalan Commander	351	normal	rare	1	88421	3d483bcf-438a-499b-86a5-6357d718faf1	0.25	FALSE	FALSE	near_mint	en	USD	2024-03-11T21:59:25.128Z
Swiftfoot Boots	LCC	The Lost Caverns of Ixalan Commander	314	normal	uncommon	1	88768	a3b1da84-9c26-4c3c-b90f-43a0b2b20103	2.35	FALSE	FALSE	near_mint	en	USD	2024-03-11T21:59:25.128Z
Swords to Plowshares	LCC	The Lost Caverns of Ixalan Commander	137	normal	uncommon	1	88622	7cdee412-3519-4626-80ca-e3e431a604f0	1.36	FALSE	FALSE	near_mint	en	USD	2024-03-11T21:59:25.128Z
Tainted Field	LCC	The Lost Caverns of Ixalan Commander	356	normal	uncommon	1	88364	299b3b1d-4c31-4701-870e-15ee1ef85cd2	0.31	FALSE	FALSE	near_mint	en	USD	2024-03-11T21:59:25.128Z
Talisman of Hierarchy	LCC	The Lost Caverns of Ixalan Commander	315	normal	uncommon	1	88305	16d49e21-dbe6-41da-b4b0-fd587e3326a5	0.72	FALSE	FALSE	near_mint	en	USD	2024-03-11T21:59:25.128Z
Temple of Silence	LCC	The Lost Caverns of Ixalan Commander	358	normal	rare	1	88948	dbd36bbb-2d0e-4d81-9646-b8263ef29a8e	0.15	FALSE	FALSE	near_mint	en	USD	2024-03-11T21:59:25.128Z
Timothar, Baron of Bats	LCC	The Lost Caverns of Ixalan Commander	210	normal	mythic	1	88618	7b01ecb8-02e2-4da2-8bf3-9c3753b23ba4	0.17	FALSE	FALSE	near_mint	en	USD	2024-03-11T21:59:25.128Z
Twilight Prophet	LCC	The Lost Caverns of Ixalan Commander	211	normal	mythic	1	88437	41f90e2b-cdbb-4a7c-aba0-c72055b414ed	0.89	FALSE	FALSE	near_mint	en	USD	2024-03-11T21:59:25.128Z
Utter End	LCC	The Lost Caverns of Ixalan Commander	292	normal	rare	1	88835	b7d2161e-8ef5-463d-a84f-966e4419fc6c	0.15	FALSE	FALSE	near_mint	en	USD	2024-03-11T21:59:25.128Z
Vault of the Archangel	LCC	The Lost Caverns of Ixalan Commander	367	normal	rare	1	88226	03a91bc2-bf45-45f3-8a14-911b6148720b	0.7	FALSE	FALSE	near_mint	en	USD	2024-03-11T21:59:25.128Z
Village Rites	LCC	The Lost Caverns of Ixalan Commander	212	normal	common	1	88360	2841339b-faef-407d-9838-d03fe80e6294	0.35	FALSE	FALSE	near_mint	en	USD	2024-03-11T21:59:25.128Z
Viscera Seer	LCC	The Lost Caverns of Ixalan Commander	213	normal	common	1	88461	486fd8a2-dd97-4082-84ef-4795c7e559a0	0.52	FALSE	FALSE	near_mint	en	USD	2024-03-11T21:59:25.128Z
Vito, Fanatic of Aclazotz	LCI	The Lost Caverns of Ixalan	311	normal	mythic	1	88687	8f58c496-2b70-48a9-befa-9cc7baef8597	0.6	FALSE	FALSE	near_mint	en	USD	2024-03-11T21:59:25.128Z
Vito, Thorn of the Dusk Rose	M21	Core Set 2021	127	foil	rare	1	50709	0fe79ee4-c3f3-4a6b-a967-203ca3b70ee5	10.12	FALSE	FALSE	near_mint	en	USD	2024-03-11T21:59:25.128Z
Voldaren Estate	LCC	The Lost Caverns of Ixalan Commander	369	normal	rare	1	88326	1fcbc704-4fb3-49c3-9040-aa1681e86e2c	0.18	FALSE	FALSE	near_mint	en	USD	2024-03-11T21:59:25.128Z
Welcoming Vampire	LCC	The Lost Caverns of Ixalan Commander	140	normal	rare	1	88378	2ea7710e-2eae-47e7-bcb1-3465f8b62728	2.55	FALSE	FALSE	near_mint	en	USD	2024-03-11T21:59:25.128Z
Windbrisk Heights	LCC	The Lost Caverns of Ixalan Commander	370	normal	rare	1	88229	047f2401-d2dc-4bfd-a7fa-83ef1d825219	0.15	FALSE	FALSE	near_mint	en	USD	2024-03-11T21:59:25.128Z
Yahenni, Undying Partisan	LCC	The Lost Caverns of Ixalan Commander	214	normal	rare	1	88369	2b77cd68-fbdd-4bca-a68c-299425588a61	0.18	FALSE	FALSE	near_mint	en	USD	2024-03-11T21:59:25.128Z
Buried Ruin	PIP	Fallout	254	normal	uncommon	2	92427	8b3ebfce-47cd-4ebe-bfeb-2cb22a1bd9ec	0.37	FALSE	FALSE	near_mint	en	USD	2024-03-11T21:27:50.113Z
Temple of the False God	PIP	Fallout	311	normal	uncommon	2	91953	22223010-1864-483d-b0af-50ca40bc3d0d	0.15	FALSE	FALSE	near_mint	en	USD	2024-03-11T21:26:36.258Z
Island	PIP	Fallout	319	normal	common	6	92555	a5b0a88d-7049-4206-8085-4a68ab0bfd81	0.19	FALSE	FALSE	near_mint	en	USD	2024-03-11T21:26:36.258Z
Island	PIP	Fallout	320	normal	common	4	91829	040ed422-663a-4b6c-bdcd-09092f1c9004	0.15	FALSE	FALSE	near_mint	en	USD	2024-03-11T21:26:36.258Z
Exotic Orchard	PIP	Fallout	264	normal	rare	3	92323	75f07a84-2788-4f5b-bd76-701bab10f01b	0.2	FALSE	FALSE	near_mint	en	USD	2024-03-11T21:26:36.258Z
Forest	PIP	Fallout	325	normal	common	5	92642	be13351c-ca20-410c-8959-bbaa59816002	0.15	FALSE	FALSE	near_mint	en	USD	2024-03-11T21:26:36.258Z
Forest	PIP	Fallout	326	normal	common	4	92063	3a1e5ef3-790d-4f45-a264-157448bab2e8	0.15	FALSE	FALSE	near_mint	en	USD	2024-03-11T21:26:36.258Z
Path of Ancestry	PIP	Fallout	279	normal	common	4	92915	ff6415d9-14fb-4a58-aa86-bf2063037684	0.15	FALSE	FALSE	near_mint	en	USD	2024-03-11T21:23:02.431Z
Talisman of Conviction	PIP	Fallout	243	normal	uncommon	2	92787	dec517e7-bc4d-4986-ba3c-89866a29991d	0.34	FALSE	FALSE	near_mint	en	USD	2024-03-11T21:23:02.431Z
Plains	PIP	Fallout	317	normal	common	7	92671	c3f33598-1344-4365-9067-17a7379de894	0.28	FALSE	FALSE	near_mint	en	USD	2024-03-11T21:23:02.431Z
Evolving Wilds	PIP	Fallout	263	normal	common	4	92458	912837ca-054a-49a8-a5c5-5e65631b0575	0.15	FALSE	FALSE	near_mint	en	USD	2024-03-11T21:23:02.431Z
Sol Ring	PIP	Fallout	239	normal	uncommon	4	92816	e675f7e2-5c9f-4912-8fdd-daaeda284a3d	1.29	FALSE	FALSE	near_mint	en	USD	2024-03-11T21:23:02.431Z
Mountain	PIP	Fallout	324	normal	common	6	92077	3d5691d3-751a-41dd-b2a3-c766c8973bfe	0.17	FALSE	FALSE	near_mint	en	USD	2024-03-11T21:23:02.431Z
Temple of Triumph	PIP	Fallout	312	normal	rare	2	92324	76721cda-494e-4c77-8b0f-43238a35c040	0.15	FALSE	FALSE	near_mint	en	USD	2024-03-11T21:23:02.431Z
Arcane Signet	PIP	Fallout	224	normal	uncommon	4	92430	8bafeaa8-5e77-4303-b30a-23fd137b7c35	0.44	FALSE	FALSE	near_mint	en	USD	2024-03-11T21:23:02.431Z
Swamp	PIP	Fallout	322	normal	common	4	91856	09af769d-a051-40d4-b203-7ec818c367ca	0.32	FALSE	FALSE	near_mint	en	USD	2024-03-11T21:23:02.431Z
Clifftop Retreat	PIP	Fallout	258	normal	rare	3	92812	e6454d4c-5820-4cb8-b625-3d9a09778513	0.25	FALSE	FALSE	near_mint	en	USD	2024-03-11T21:23:02.431Z
Mountain	PIP	Fallout	323	normal	common	7	92396	85f5bbab-7bf0-48d4-8138-d64f84f4d769	0.19	FALSE	FALSE	near_mint	en	USD	2024-03-11T21:23:02.431Z
Swamp	PIP	Fallout	321	normal	common	5	91961	237204ad-ab8a-496f-a093-48d00417350b	0.82	FALSE	FALSE	near_mint	en	USD	2024-03-11T21:23:02.431Z
Plains	PIP	Fallout	318	normal	common	6	92585	ad6be912-4d77-45d2-b653-7fbbee6a881a	0.19	FALSE	FALSE	near_mint	en	USD	2024-03-11T21:23:02.431Z
Ash Barrens	PIP	Fallout	253	normal	common	4	92334	78a90148-5ed9-42db-a64f-4735676d82e3	0.15	FALSE	FALSE	near_mint	en	USD	2024-03-11T21:23:02.431Z
Command Tower	PIP	Fallout	259	normal	common	4	92477	952cb8cb-633c-468f-8ef5-54ff91ddfb22	0.24	FALSE	FALSE	near_mint	en	USD	2024-03-11T21:23:02.431Z
Terramorphic Expanse	PIP	Fallout	313	normal	common	4	92180	548805de-3e2e-4f1f-aafc-d89fddf8288a	0.15	FALSE	FALSE	near_mint	en	USD	2024-03-11T21:23:02.431Z
Myriad Landscape	PIP	Fallout	274	normal	uncommon	2	92138	4afe6542-9f4b-4afa-8568-272916125b4a	0.2	FALSE	FALSE	near_mint	en	USD	2024-03-11T21:23:02.431Z
Adeline, Resplendent Cathar	MID	Innistrad: Midnight Hunt	312	normal	rare	1	63188	2f71585a-3ea8-40f8-8e02-e155477fd8b5	2.75	FALSE	FALSE	near_mint	en	USD	2024-03-11T22:19:09.994Z
Adriana, Captain of the Guard	ONC	Phyrexia: All Will Be One Commander	114	normal	rare	1	78430	1aa1e7ff-d0b9-441f-bcbb-4f0f89cab038	0.66	FALSE	FALSE	near_mint	en	USD	2024-03-11T22:19:09.994Z
Anim Pakal, Thousandth Moon	LCI	The Lost Caverns of Ixalan	223	normal	rare	2	88657	868856b7-8875-43c1-8249-0f8fb2c8319b	5.09	FALSE	FALSE	near_mint	en	USD	2024-03-11T22:19:09.994Z
Arcane Signet	NCC	New Capenna Commander	360	normal	common	3	68478	f3ee9829-f4c0-44a0-8252-4097402e2f8d	0.47	FALSE	FALSE	near_mint	en	USD	2024-03-11T22:19:09.994Z
Artifact Mutation	NCC	New Capenna Commander	326	normal	rare	1	68489	fed09083-a259-4ab5-bb85-aeab9d0b1f7c	2.08	FALSE	FALSE	near_mint	en	USD	2024-03-11T22:19:09.994Z
Aura Mutation	NCC	New Capenna Commander	328	normal	rare	1	68269	7240e52a-e435-46f1-ad68-96d6e12e123c	1.44	FALSE	FALSE	near_mint	en	USD	2024-03-11T22:19:09.994Z
Battle for Bretagard	KHM	Kaldheim	203	normal	rare	1	57090	cd31ec15-2fe0-40ab-b320-bc4333db4787	0.26	FALSE	FALSE	near_mint	en	USD	2024-03-11T22:19:09.994Z
Beast Within	NCC	New Capenna Commander	282	normal	uncommon	1	68165	2df1045c-0186-45e8-aed2-807528fc1aba	0.65	FALSE	FALSE	near_mint	en	USD	2024-03-11T22:19:09.994Z
Benevolent Offering	VOC	Crimson Vow Commander	78	normal	rare	1	64635	d080c35d-f2c6-4f4e-8f7c-305b319d4cde	1.25	FALSE	FALSE	near_mint	en	USD	2024-03-11T22:19:09.994Z
Blade Historian	STX	Strixhaven: School of Mages	165	foil	rare	1	58249	a46d64ec-aca4-428e-bce6-66cd755c8cc3	6.61	FALSE	FALSE	near_mint	en	USD	2024-03-11T22:19:09.994Z
Boros Charm	NCC	New Capenna Commander	332	normal	uncommon	1	68198	437b0685-ed50-40b9-ae0d-ec2f75026474	4.94	FALSE	FALSE	near_mint	en	USD	2024-03-11T22:19:09.994Z
Brushland	BRO	The Brothers' War	298	normal	rare	1	75651	98178c9d-e113-4f0e-9a7b-3ebfaafe2503	2.75	FALSE	FALSE	near_mint	en	USD	2024-03-11T22:19:09.994Z
Cabaretti Charm	SNC	Streets of New Capenna	173	normal	uncommon	6	67597	08f33c8a-8e93-4296-964b-da132a854b3b	0.25	FALSE	FALSE	near_mint	en	USD	2024-03-11T22:19:09.994Z
Cabaretti Confluence	NCC	New Capenna Commander	69	normal	rare	1	68177	374198ef-91b6-45ad-acc9-adf659b5763b	0.25	FALSE	FALSE	near_mint	en	USD	2024-03-11T22:19:09.994Z
Cabaretti Courtyard	SNC	Streets of New Capenna	249	normal	common	6	67914	9dda1e1c-b330-42e0-8547-97e2afc7615f	0.36	FALSE	FALSE	near_mint	en	USD	2024-03-11T22:19:09.994Z
Cadira, Caller of the Small	CLB	Commander Legends: Battle for Baldur's Gate	269	normal	uncommon	2	69104	75994e0b-b0c7-4b0d-8f48-4be303429bd6	0.25	FALSE	FALSE	near_mint	en	USD	2024-03-11T22:19:09.994Z
Call the Coppercoats	NCC	New Capenna Commander	195	normal	rare	1	68442	e203daaf-bd68-4251-9106-00299b3ad662	6.66	FALSE	FALSE	near_mint	en	USD	2024-03-11T22:19:09.994Z
Camaraderie	NCC	New Capenna Commander	334	normal	rare	1	68400	ca18b625-6767-45b9-bc2c-765f1ba7bd44	0.35	FALSE	FALSE	near_mint	en	USD	2024-03-11T22:19:09.994Z
Canopy Vista	NCC	New Capenna Commander	389	normal	rare	2	68282	79dffd83-05c8-4698-9677-5decb997e29f	0.48	FALSE	FALSE	near_mint	en	USD	2024-03-11T22:19:09.994Z
Castle Ardenvale	NCC	New Capenna Commander	391	normal	rare	1	68465	eed204e1-45bd-4160-aaef-dde33bd9884a	0.41	FALSE	FALSE	near_mint	en	USD	2024-03-11T22:19:09.994Z
Castle Embereth	NCC	New Capenna Commander	392	normal	rare	1	68335	a42a8db8-bc8d-47f6-a1d4-78adfcbdd19e	0.48	FALSE	FALSE	near_mint	en	USD	2024-03-11T22:19:09.994Z
Chaos Warp	C19	Commander 2019	136	normal	rare	2	45798	725fc7bf-fa82-497a-9256-ad55323d9a5f	0.5	FALSE	FALSE	near_mint	en	USD	2024-03-11T22:19:09.994Z
Cultivate	NCC	New Capenna Commander	285	normal	common	1	68372	bd71a79c-59aa-459d-bd38-8c180af0835f	0.47	FALSE	FALSE	near_mint	en	USD	2024-03-11T22:19:09.994Z
Dauntless Escort	2X2	Double Masters 2022	199	normal	rare	1	70394	970ccd70-4b94-4287-977e-6262731c58d1	0.3	FALSE	FALSE	near_mint	en	USD	2024-03-11T22:19:09.994Z
Elspeth Tirel	ONC	Phyrexia: All Will Be One Commander	64	normal	mythic	1	78563	59dedcb3-6c03-4484-a493-e6f808a33ead	2.4	FALSE	FALSE	near_mint	en	USD	2024-03-11T22:19:09.994Z
Eternal Witness	MIC	Midnight Hunt Commander	138	normal	uncommon	1	63694	d925cb2d-30d5-4bb5-907e-0f8fb65fcab4	1.84	FALSE	FALSE	near_mint	en	USD	2024-03-11T22:19:09.994Z
Exotic Orchard	NCC	New Capenna Commander	400	normal	rare	3	68289	7ebb6c13-e495-4953-a036-b99426e507ef	0.26	FALSE	FALSE	near_mint	en	USD	2024-03-11T22:19:09.994Z
Explosive Vegetation	ONS	Onslaught	263	normal	uncommon	1	31040	da6efd31-ab5e-46ff-80d2-9382438e302c	0.43	FALSE	FALSE	near_mint	en	USD	2024-03-11T22:19:09.994Z
Fell the Mighty	NCC	New Capenna Commander	200	normal	rare	1	68270	72d1ad18-607f-4fe4-ba72-26ed1da4cd3d	0.34	FALSE	FALSE	near_mint	en	USD	2024-03-11T22:19:09.994Z
Finale of Glory	ONC	Phyrexia: All Will Be One Commander	67	normal	mythic	1	78726	9b6b5cb7-26aa-43d6-ae97-24e5efd3c636	2.25	FALSE	FALSE	near_mint	en	USD	2024-03-11T22:19:09.994Z
Flawless Maneuver	ONC	Phyrexia: All Will Be One Commander	68	normal	rare	1	78513	3d572269-3984-48d2-9705-8fe8afb4a2f6	21.21	FALSE	FALSE	near_mint	en	USD	2024-03-11T22:19:09.994Z
Forest	SNC	Streets of New Capenna	270	normal	common	2	67990	c086cb5e-3146-4a41-a471-fcbbf8fa4e09	0.15	FALSE	FALSE	near_mint	en	USD	2024-03-11T22:19:09.994Z
